alias_id	object_id	supply_artifact_id	artifact_alias_relative_path	literal_link_target	alias_class	classification_evidence	dependent_fragment_ids	target_alias_inclusion_state	target_population_state
alias:5429d0ef8f166cdda70cb6e2	object:46ae61c88b9a2f32b13dfe81	artifact:402c5b919f670e9d12438071	lib/libbrotlicommon.so	libbrotlicommon.so.1	LINKER_DEVELOPMENT_ALIAS	unversioned .so package alias	gtk-font-device-compat-provider-fragment	EXCLUDED_RUNTIME_RESEARCH_BUILD_ONLY	BLOCKED
alias:7466ff14b408b44cb0cf1ecf	object:8faac8e6d945bf1d5f113d98	artifact:402c5b919f670e9d12438071	lib/libbrotlidec.so	libbrotlidec.so.1	LINKER_DEVELOPMENT_ALIAS	unversioned .so package alias	gtk-font-device-compat-provider-fragment	EXCLUDED_RUNTIME_RESEARCH_BUILD_ONLY	BLOCKED
alias:0bb5475e13939b924f921927	object:54d50134426dc7a92595c944	artifact:b1ae59a6213520b1cc0bf5bc	lib/libcom_err.so	libcom_err.so.2	LINKER_DEVELOPMENT_ALIAS	unversioned .so package alias	printing-provider-fragment	EXCLUDED_RUNTIME_RESEARCH_BUILD_ONLY	BLOCKED
alias:cc18e8dd68a865ada234e957	object:c560ec0574d7ee5b1b773869	artifact:919c2e80a629d674dd450b0a	lib/libatomic.so	libatomic.so.1.2.0	LINKER_DEVELOPMENT_ALIAS	unversioned .so package alias	gtk-font-device-compat-provider-fragment	EXCLUDED_RUNTIME_RESEARCH_BUILD_ONLY	BLOCKED
alias:4f6e72d0fadfa36f6bb92ea4	object:4205855cce5501831acbcb88	artifact:919c2e80a629d674dd450b0a	lib/libstdc++.so	libstdc++.so.6.0.34	LINKER_DEVELOPMENT_ALIAS	unversioned .so package alias	graphics-freedreno-provider-fragment	EXCLUDED_RUNTIME_RESEARCH_BUILD_ONLY	BLOCKED
alias:a9d558aa3edea23c85cb5fa9	object:7c7925a89670f9042b3cedde	artifact:59e47a50b77ba9c0c1cc7cd0	lib/libresolv.so	libresolv.so.2	LINKER_DEVELOPMENT_ALIAS	unversioned .so package alias	world-core-provider-fragment	EXCLUDED_RUNTIME_RESEARCH_BUILD_ONLY	BLOCKED
alias:d73c6ffe4053e481469b2179	object:bd49087ccf47689e2badf203	artifact:13972590dda51ac16fd201be	lib/libgssapi_krb5.so	libgssapi_krb5.so.2.2	LINKER_DEVELOPMENT_ALIAS	unversioned .so package alias	printing-provider-fragment	EXCLUDED_RUNTIME_RESEARCH_BUILD_ONLY	BLOCKED
alias:fc09b44a8159bcfdb15960a4	object:0b323de9cae8be56bb950f6e	artifact:13972590dda51ac16fd201be	lib/libk5crypto.so	libk5crypto.so.3.1	LINKER_DEVELOPMENT_ALIAS	unversioned .so package alias	printing-provider-fragment	EXCLUDED_RUNTIME_RESEARCH_BUILD_ONLY	BLOCKED
alias:2d17053aa6abf877e07a63f2	object:1aa7548de3759b97324cd8c0	artifact:13972590dda51ac16fd201be	lib/libkrb5.so	libkrb5.so.3.3	LINKER_DEVELOPMENT_ALIAS	unversioned .so package alias	printing-provider-fragment	EXCLUDED_RUNTIME_RESEARCH_BUILD_ONLY	BLOCKED
alias:5de2abcae30cdc6744b0b8b6	object:e502dd3c7ee2526e1093dc6f	artifact:13972590dda51ac16fd201be	lib/libkrb5support.so	libkrb5support.so.0.1	LINKER_DEVELOPMENT_ALIAS	unversioned .so package alias	printing-provider-fragment	EXCLUDED_RUNTIME_RESEARCH_BUILD_ONLY	BLOCKED
alias:b7570057414e381b328364ef	object:21d47963d42a5b1c4008c88a	artifact:b6692956495dfd59ce70a854	lib/libblkid.so	libblkid.so.1	LINKER_DEVELOPMENT_ALIAS	unversioned .so package alias	gtk-font-device-compat-provider-fragment	EXCLUDED_RUNTIME_RESEARCH_BUILD_ONLY	BLOCKED
alias:7fbe6339f2d6497ed39d531a	object:93de8c4bb245b253dfc35734	artifact:984f6f80b4cd115d8adf99ae	lib/libbz2.so	libbz2.so.1.0.8	LINKER_DEVELOPMENT_ALIAS	unversioned .so package alias	gtk-font-device-compat-provider-fragment	EXCLUDED_RUNTIME_RESEARCH_BUILD_ONLY	BLOCKED
alias:9fd3edf749f26d7f077c82da	object:e86d7a0f2c3be107c901c4c3	artifact:8beffad4a426122b276b1b63	lib/libcap.so	libcap.so.2	LINKER_DEVELOPMENT_ALIAS	unversioned .so package alias	gtk-font-device-compat-provider-fragment;printing-provider-fragment	EXCLUDED_RUNTIME_RESEARCH_BUILD_ONLY	BLOCKED
alias:b63d2f5217420b4797bf6127	object:9cca00af0761fdaf9e29d1ee	artifact:08efad935d3e88f5f359346b	lib/libdrm.so	libdrm.so.2	LINKER_DEVELOPMENT_ALIAS	unversioned .so package alias	graphics-freedreno-provider-fragment	EXCLUDED_RUNTIME_RESEARCH_BUILD_ONLY	BLOCKED
alias:670dce623466418121bc5cba	object:48f8acf398ac16610f175b58	artifact:f911eb4f29a2f1f048562db8	lib/libexpat.so	libexpat.so.1.10.0	LINKER_DEVELOPMENT_ALIAS	unversioned .so package alias	base-obsidian-x11-provider-fragment	EXCLUDED_RUNTIME_RESEARCH_BUILD_ONLY	BLOCKED
alias:032082ebe9bb4ef21558f389	object:79a8128d9967c2a2fdc73416	artifact:19811ab9f293fd711ea5d2d2	lib/libffi.so	libffi.so.8.1.4	LINKER_DEVELOPMENT_ALIAS	unversioned .so package alias	gtk-font-device-compat-provider-fragment;printing-provider-fragment	EXCLUDED_RUNTIME_RESEARCH_BUILD_ONLY	BLOCKED
alias:f7ac003abf754519adae9225	object:3c819f7e21c052411be1fa98	artifact:949244528741732444a89976	lib/libgmp.so	libgmp.so.10.5.0	LINKER_DEVELOPMENT_ALIAS	unversioned .so package alias	printing-provider-fragment	EXCLUDED_RUNTIME_RESEARCH_BUILD_ONLY	BLOCKED
alias:9364219ca3aa26def8ce0d58	object:578e986a2ad698ae4063d218	artifact:36a478c9a797900e12907f7a	lib/libidn2.so	libidn2.so.0.4.0	LINKER_DEVELOPMENT_ALIAS	unversioned .so package alias	printing-provider-fragment	EXCLUDED_RUNTIME_RESEARCH_BUILD_ONLY	BLOCKED
alias:170e26a0fc6e3086dd8e3f25	object:4a793b4fed75b236775f74dd	artifact:4adb3b76dfaf0ab7e4fb12d8	lib/libunistring.so	libunistring.so.5.2.0	LINKER_DEVELOPMENT_ALIAS	unversioned .so package alias	printing-provider-fragment	EXCLUDED_RUNTIME_RESEARCH_BUILD_ONLY	BLOCKED
alias:2ee20f877c9bf50792e2dd0f	object:8a6f8fad77f495d7a0947ae6	artifact:dedc307a6a818b028343e00e	lib/libwayland-client.so	libwayland-client.so.0	LINKER_DEVELOPMENT_ALIAS	unversioned .so package alias	gtk-font-device-compat-provider-fragment	EXCLUDED_RUNTIME_RESEARCH_BUILD_ONLY	BLOCKED
alias:692a0da9b27ad71fcfad1861	object:57e7e3396724848d94c04c4a	artifact:dedc307a6a818b028343e00e	lib/libwayland-cursor.so	libwayland-cursor.so.0	LINKER_DEVELOPMENT_ALIAS	unversioned .so package alias	gtk-font-device-compat-provider-fragment	EXCLUDED_RUNTIME_RESEARCH_BUILD_ONLY	BLOCKED
alias:7c3858d8dbfc80e093d49025	object:eb3060f4c34f9e1f10b249fd	artifact:dedc307a6a818b028343e00e	lib/libwayland-egl.so	libwayland-egl.so.1	LINKER_DEVELOPMENT_ALIAS	unversioned .so package alias	gtk-font-device-compat-provider-fragment	EXCLUDED_RUNTIME_RESEARCH_BUILD_ONLY	BLOCKED
alias:3b6897cb84eb16a25c52d585	object:7ab88f66a4c53d8841cbfa3a	artifact:a0c249dd82f5bcf46d61501a	lib/libX11-xcb.so	libX11-xcb.so.1.0.0	LINKER_DEVELOPMENT_ALIAS	unversioned .so package alias	graphics-freedreno-provider-fragment	EXCLUDED_RUNTIME_RESEARCH_BUILD_ONLY	BLOCKED
alias:2318972dfe40f87b18a6b43b	object:1d28ce6412b7919e6ad7592d	artifact:a0c249dd82f5bcf46d61501a	lib/libX11.so	libX11.so.6.4.0	LINKER_DEVELOPMENT_ALIAS	unversioned .so package alias	base-obsidian-x11-provider-fragment	EXCLUDED_RUNTIME_RESEARCH_BUILD_ONLY	BLOCKED
alias:dd989d0aa592143a2be33d60	object:1a8bc733979360f2e3327d80	artifact:7f2c0624638feed515899e3a	lib/libXau.so	libXau.so.6.0.0	LINKER_DEVELOPMENT_ALIAS	unversioned .so package alias	base-obsidian-x11-provider-fragment	EXCLUDED_RUNTIME_RESEARCH_BUILD_ONLY	BLOCKED
alias:a85ba06fbdfcb4df7c98c873	object:8039415811aa6c775e594574	artifact:5e737e2bb57a0a1919be298b	lib/libxcb-dri3.so	libxcb-dri3.so.0.1.0	LINKER_DEVELOPMENT_ALIAS	unversioned .so package alias	graphics-freedreno-provider-fragment	EXCLUDED_RUNTIME_RESEARCH_BUILD_ONLY	BLOCKED
alias:7c515823cf9761a3ab24e56c	object:1969de5b3ffa90af342e1574	artifact:5e737e2bb57a0a1919be298b	lib/libxcb-present.so	libxcb-present.so.0.0.0	LINKER_DEVELOPMENT_ALIAS	unversioned .so package alias	graphics-freedreno-provider-fragment	EXCLUDED_RUNTIME_RESEARCH_BUILD_ONLY	BLOCKED
alias:f3b9e4d55bbd966afc64809f	object:ef12d668682ac99dba386b01	artifact:5e737e2bb57a0a1919be298b	lib/libxcb-randr.so	libxcb-randr.so.0.1.0	LINKER_DEVELOPMENT_ALIAS	unversioned .so package alias	graphics-freedreno-provider-fragment	EXCLUDED_RUNTIME_RESEARCH_BUILD_ONLY	BLOCKED
alias:978eb3dafdc9bcc32c252f6e	object:1a86c1656e55d68baa3b11cb	artifact:5e737e2bb57a0a1919be298b	lib/libxcb-render.so	libxcb-render.so.0.0.0	LINKER_DEVELOPMENT_ALIAS	unversioned .so package alias	base-obsidian-x11-provider-fragment	EXCLUDED_RUNTIME_RESEARCH_BUILD_ONLY	BLOCKED
alias:62e5a9173c0bb54c819b4b52	object:e4e455da0829126d0fc2a4c2	artifact:5e737e2bb57a0a1919be298b	lib/libxcb-shm.so	libxcb-shm.so.0.0.0	LINKER_DEVELOPMENT_ALIAS	unversioned .so package alias	base-obsidian-x11-provider-fragment	EXCLUDED_RUNTIME_RESEARCH_BUILD_ONLY	BLOCKED
alias:3538d77df1c3fbeb55f5d5b0	object:2dc864a8050acf3ab0eb896d	artifact:5e737e2bb57a0a1919be298b	lib/libxcb-sync.so	libxcb-sync.so.1.0.0	LINKER_DEVELOPMENT_ALIAS	unversioned .so package alias	graphics-freedreno-provider-fragment	EXCLUDED_RUNTIME_RESEARCH_BUILD_ONLY	BLOCKED
alias:fd99d1d555cd4cda058182a3	object:db5ce18da1b567a27ecd1a9e	artifact:5e737e2bb57a0a1919be298b	lib/libxcb-xfixes.so	libxcb-xfixes.so.0.0.0	LINKER_DEVELOPMENT_ALIAS	unversioned .so package alias	graphics-freedreno-provider-fragment	EXCLUDED_RUNTIME_RESEARCH_BUILD_ONLY	BLOCKED
alias:1a42db57ddac00a6d51c2436	object:b57cfc342b0efd864caa8677	artifact:5e737e2bb57a0a1919be298b	lib/libxcb.so	libxcb.so.1.1.0	LINKER_DEVELOPMENT_ALIAS	unversioned .so package alias	base-obsidian-x11-provider-fragment	EXCLUDED_RUNTIME_RESEARCH_BUILD_ONLY	BLOCKED
alias:0f15a54f0f2102dd8ff1b386	object:0245743bb594ee1ac2c13258	artifact:b07513746d141bb11ff2c5cd	lib/libXdmcp.so	libXdmcp.so.6.0.0	LINKER_DEVELOPMENT_ALIAS	unversioned .so package alias	base-obsidian-x11-provider-fragment	EXCLUDED_RUNTIME_RESEARCH_BUILD_ONLY	BLOCKED
alias:1a7047ed78fd35d04eab44ac	object:a93ba9939545c2ea11ebba52	artifact:09a989f92535f27343bf9d89	lib/libXext.so	libXext.so.6.4.0	LINKER_DEVELOPMENT_ALIAS	unversioned .so package alias	base-obsidian-x11-provider-fragment	EXCLUDED_RUNTIME_RESEARCH_BUILD_ONLY	BLOCKED
alias:9494d86ff3a927ae1ae049bd	object:c1b8c73864685b43eeead0ae	artifact:2e403fc0d8f319933866f634	lib/libXrandr.so	libXrandr.so.2.2.0	LINKER_DEVELOPMENT_ALIAS	unversioned .so package alias	base-obsidian-x11-provider-fragment	EXCLUDED_RUNTIME_RESEARCH_BUILD_ONLY	BLOCKED
alias:e139b71baba25dabc10d8a31	object:d05d09c2acfd577d27b7cc02	artifact:86b181007e83f8055f77b964	lib/libXrender.so	libXrender.so.1.3.0	LINKER_DEVELOPMENT_ALIAS	unversioned .so package alias	base-obsidian-x11-provider-fragment	EXCLUDED_RUNTIME_RESEARCH_BUILD_ONLY	BLOCKED
alias:f99d60197a4a0552ca586957	object:5a0652d801ce63a2e33ccb1b	artifact:dca9418b1c3bd24b7bb47261	lib/libxshmfence.so	libxshmfence.so.1.0.0	LINKER_DEVELOPMENT_ALIAS	unversioned .so package alias	graphics-freedreno-provider-fragment	EXCLUDED_RUNTIME_RESEARCH_BUILD_ONLY	BLOCKED
alias:ac522a2832d662dcc557f86d	object:c3656101f42f24ed0043c0fe	artifact:31b77b0abaa38dc24af90912	lib/libpcre2-8.so	libpcre2-8.so.0.14.0	LINKER_DEVELOPMENT_ALIAS	unversioned .so package alias	gtk-font-device-compat-provider-fragment	EXCLUDED_RUNTIME_RESEARCH_BUILD_ONLY	BLOCKED
alias:0afeafa825d9d4bded64066b	object:6835963ff1be924f73cdd59f	artifact:9e9ea87059482894e4c6cef1	lib/libz.so	libz.so.1.3.1	LINKER_DEVELOPMENT_ALIAS	unversioned .so package alias	graphics-freedreno-provider-fragment;gtk-font-device-compat-provider-fragment;printing-provider-fragment	EXCLUDED_RUNTIME_RESEARCH_BUILD_ONLY	BLOCKED
alias:79830f37cf5d512215a2ff12	object:4c03a9a2d4770a862c70dc16	artifact:5829a6c2f6f191174b4ee235	lib/libzstd.so	libzstd.so.1	LINKER_DEVELOPMENT_ALIAS	unversioned .so package alias	graphics-freedreno-provider-fragment	EXCLUDED_RUNTIME_RESEARCH_BUILD_ONLY	BLOCKED
