evidence_row_id	capability_partition	identity_label	direct_family_roots	direct_apt_packages	direct_recipe_packages	indirect_apt_candidate_rows	indirect_recipe_candidate_rows	review_state	artifact_member_binding_state	final_provider_state	target_population_state
selected:4aa35ed7433cf18f6fa8	security	libnspr4.so	nspr	-	-	0	0	NO_RETAINED_CANDIDATE	OPEN_NO_DEB_EXTRACTION	UNRESOLVED	BLOCKED
selected:55a067b8e47e3b0ae140	security	libplc4.so	nspr	-	-	0	0	NO_RETAINED_CANDIDATE	OPEN_NO_DEB_EXTRACTION	UNRESOLVED	BLOCKED
selected:24c8cbbad1b138adae0c	security	libplds4.so	nspr	-	-	0	0	NO_RETAINED_CANDIDATE	OPEN_NO_DEB_EXTRACTION	UNRESOLVED	BLOCKED
selected:b18230900edbf9d622da	security	libfreeblpriv3.so	nss	-	-	21	34	INDIRECT_TOKEN_ONLY	OPEN_NO_DEB_EXTRACTION	UNRESOLVED	BLOCKED
selected:01549b41d2566811cf1a	security	libnss3.so	nss	-	-	21	34	INDIRECT_TOKEN_ONLY	OPEN_NO_DEB_EXTRACTION	UNRESOLVED	BLOCKED
selected:911d8dab068c4de24f35	security	libnssckbi.so	nss	-	-	21	34	INDIRECT_TOKEN_ONLY	OPEN_NO_DEB_EXTRACTION	UNRESOLVED	BLOCKED
selected:1c56bc12a7e9c1f5a436	security	libnssutil3.so	nss	-	-	21	34	INDIRECT_TOKEN_ONLY	OPEN_NO_DEB_EXTRACTION	UNRESOLVED	BLOCKED
selected:8051b47090a20ef3ee6e	security	libsmime3.so	nss	-	-	21	34	INDIRECT_TOKEN_ONLY	OPEN_NO_DEB_EXTRACTION	UNRESOLVED	BLOCKED
selected:6a6ba4328524e39e3b4b	security	libsoftokn3.so	nss	-	-	21	34	INDIRECT_TOKEN_ONLY	OPEN_NO_DEB_EXTRACTION	UNRESOLVED	BLOCKED
selected:9e92e4a04c351aabb559	security	libsqlite3.so.0.8.6	sqlite;libsqlite	libsqlite-glibc;sqlite-glibc	lemon;libsqlite;sqlite;sqlite-analyzer;sqlite-tcl	4	14	DIRECT_APT_AND_RECIPE_FAMILY_CANDIDATE	OPEN_NO_DEB_EXTRACTION	UNRESOLVED	BLOCKED
selected:9f95a9cc7b1ea3e0cdc6	graphics	libgbm.so.1.0.0	mesa;mesa-dev	mesa-dev-glibc;mesa-glibc	mesa;mesa-d3dadapter;mesa-dev;mesa-vulkan-icd-freedreno;mesa-vulkan-icd-swrast;osmesa	7	4	DIRECT_APT_AND_RECIPE_FAMILY_CANDIDATE	OPEN_NO_DEB_EXTRACTION	UNRESOLVED	BLOCKED
selected:0b18b06fa4677d21f2ca	graphics	libvulkan_freedreno.so	mesa-vulkan-icd-freedreno	mesa-vulkan-icd-freedreno-glibc	mesa-vulkan-icd-freedreno	14	22	DIRECT_APT_AND_RECIPE_FAMILY_CANDIDATE	OPEN_NO_DEB_EXTRACTION	UNRESOLVED	BLOCKED
selected:038ff19f8fcdc358c1af	graphics	libVkLayer_MESA_device_select.so	mesa;mesa-vulkan-icd-freedreno;mesa-vulkan-icd-swrast	mesa-glibc;mesa-vulkan-icd-freedreno-glibc;mesa-vulkan-icd-swrast-glibc	mesa;mesa-d3dadapter;mesa-dev;mesa-vulkan-icd-freedreno;mesa-vulkan-icd-swrast;osmesa	12	11	DIRECT_APT_AND_RECIPE_FAMILY_CANDIDATE	OPEN_NO_DEB_EXTRACTION	UNRESOLVED	BLOCKED
selected:bcc68afe696f548e1b77	gtk-gui	libatk-bridge-2.0.so.0.0.0	at-spi2-core;atk	-	-	0	2	INDIRECT_TOKEN_ONLY	OPEN_NO_DEB_EXTRACTION	UNRESOLVED	BLOCKED
selected:292a5f56eeea3bd65c4b	gtk-gui	libatk-1.0.so.0.25611.1	at-spi2-core;atk	-	-	0	0	NO_RETAINED_CANDIDATE	OPEN_NO_DEB_EXTRACTION	UNRESOLVED	BLOCKED
selected:36e7af00d16415ae9efa	gtk-gui	libatspi.so.0.0.1	at-spi2-core;at-spi	-	-	0	0	NO_RETAINED_CANDIDATE	OPEN_NO_DEB_EXTRACTION	UNRESOLVED	BLOCKED
selected:e8ccf42491e69aba6284	gtk-gui	libcairo-gobject.so.2.11804.4	libcairo	libcairo-glibc	libcairo	3	6	DIRECT_APT_AND_RECIPE_FAMILY_CANDIDATE	OPEN_NO_DEB_EXTRACTION	UNRESOLVED	BLOCKED
selected:553839925ebeb658612d	gtk-gui	libcairo.so.2.11804.4	libcairo	libcairo-glibc	libcairo	3	6	DIRECT_APT_AND_RECIPE_FAMILY_CANDIDATE	OPEN_NO_DEB_EXTRACTION	UNRESOLVED	BLOCKED
selected:b912b41387c558b52895	gtk-gui	libcloudproviders.so.0.3.6	libcloudproviders	libcloudproviders-glibc	libcloudproviders	0	0	DIRECT_APT_AND_RECIPE_FAMILY_CANDIDATE	OPEN_NO_DEB_EXTRACTION	UNRESOLVED	BLOCKED
selected:5909031aa9e67d50214b	gtk-gui	libdatrie.so.1.4.0	libdatrie	libdatrie-glibc;libdatrie-glibc-static	libdatrie	1	1	DIRECT_APT_AND_RECIPE_FAMILY_CANDIDATE	OPEN_NO_DEB_EXTRACTION	UNRESOLVED	BLOCKED
selected:0802b57eadc2dd33925a	gtk-gui	libepoxy.so.0.0.0	libepoxy	libepoxy-glibc	libepoxy	0	0	DIRECT_APT_AND_RECIPE_FAMILY_CANDIDATE	OPEN_NO_DEB_EXTRACTION	UNRESOLVED	BLOCKED
selected:33fe337448a19e2c6f2f	gtk-gui	libfontconfig.so.1.12.1	fontconfig	fontconfig-glibc	fontconfig;fontconfig-utils	4	4	DIRECT_APT_AND_RECIPE_FAMILY_CANDIDATE	OPEN_NO_DEB_EXTRACTION	UNRESOLVED	BLOCKED
selected:654806f659f7b97ba9d1	gtk-gui	libfreetype.so.6.20.2	freetype	freetype-glibc	freetype	3	7	DIRECT_APT_AND_RECIPE_FAMILY_CANDIDATE	OPEN_NO_DEB_EXTRACTION	UNRESOLVED	BLOCKED
selected:5d210dfa49b6cf4c1077	gtk-gui	libfribidi.so.0.4.0	fribidi	fribidi-glibc	fribidi	1	1	DIRECT_APT_AND_RECIPE_FAMILY_CANDIDATE	OPEN_NO_DEB_EXTRACTION	UNRESOLVED	BLOCKED
selected:b577593923c28a50a012	gtk-gui	libgdk_pixbuf-2.0.so.0.4200.12	gdk-pixbuf	-	-	0	0	NO_RETAINED_CANDIDATE	OPEN_NO_DEB_EXTRACTION	UNRESOLVED	BLOCKED
selected:6052b6396205eed6dbb6	gtk-gui	libgio-2.0.so.0.8400.4	glib	glib-glibc;glib-glibc-static	glib;glib-bin	415	288	DIRECT_APT_AND_RECIPE_FAMILY_CANDIDATE	OPEN_NO_DEB_EXTRACTION	UNRESOLVED	BLOCKED
selected:d8dfbc099c8bd2072e3f	gtk-gui	libglib-2.0.so.0.8400.4	glib	glib-glibc;glib-glibc-static	glib;glib-bin	415	288	DIRECT_APT_AND_RECIPE_FAMILY_CANDIDATE	OPEN_NO_DEB_EXTRACTION	UNRESOLVED	BLOCKED
selected:6e7f73b2a1ff4758f39a	gtk-gui	libgmodule-2.0.so.0.8400.4	glib	glib-glibc;glib-glibc-static	glib;glib-bin	415	288	DIRECT_APT_AND_RECIPE_FAMILY_CANDIDATE	OPEN_NO_DEB_EXTRACTION	UNRESOLVED	BLOCKED
selected:1997bce83f1eb5ffef9a	gtk-gui	libgobject-2.0.so.0.8400.4	glib	glib-glibc;glib-glibc-static	glib;glib-bin	415	288	DIRECT_APT_AND_RECIPE_FAMILY_CANDIDATE	OPEN_NO_DEB_EXTRACTION	UNRESOLVED	BLOCKED
selected:5de74dd687fd1dd5ee3a	gtk-gui	libgraphite2.so.3.2.1	graphite2	-	-	0	5	INDIRECT_TOKEN_ONLY	OPEN_NO_DEB_EXTRACTION	UNRESOLVED	BLOCKED
selected:3b13f088b32606984a58	gtk-gui	libgdk-3.so.0.2417.32	gtk3	-	-	0	0	NO_RETAINED_CANDIDATE	OPEN_NO_DEB_EXTRACTION	UNRESOLVED	BLOCKED
selected:7bf9d7a4d1980f5e0a95	gtk-gui	libgtk-3.so.0.2417.32	gtk3	-	-	1	6	INDIRECT_TOKEN_ONLY	OPEN_NO_DEB_EXTRACTION	UNRESOLVED	BLOCKED
selected:c41cd8cc82847fba1410	gtk-gui	libharfbuzz.so.0.61020.0	harfbuzz	harfbuzz-glibc	harfbuzz;harfbuzz-cario;harfbuzz-icu;harfbuzz-utils	4	1	DIRECT_APT_AND_RECIPE_FAMILY_CANDIDATE	OPEN_NO_DEB_EXTRACTION	UNRESOLVED	BLOCKED
selected:a7e42baafca8ed4717e3	gtk-gui	libjpeg.so.62.3.0	libjpeg-turbo	libjpeg-turbo-glibc;libjpeg-turbo-glibc-static	libjpeg-turbo;libjpeg-turbo-progs	3	3	DIRECT_APT_AND_RECIPE_FAMILY_CANDIDATE	OPEN_NO_DEB_EXTRACTION	UNRESOLVED	BLOCKED
selected:ff6dae6f57afefe0d2b1	gtk-gui	libmount.so.1.1.0	libmount;util-linux	libmount-glibc;util-linux-glibc;util-linux-glibc-static	blk-utils;fdisk;libblkid;libfdisk;libmount;libsmartcols;libuuid;mount-utils;util-linux;uuid-utils	8	9	DIRECT_APT_AND_RECIPE_FAMILY_CANDIDATE	OPEN_NO_DEB_EXTRACTION	UNRESOLVED	BLOCKED
selected:1ae5e5d5ff7893c87e25	gtk-gui	libpango-1.0.so.0.5600.3	pango	pango-glibc	pango	0	0	DIRECT_APT_AND_RECIPE_FAMILY_CANDIDATE	OPEN_NO_DEB_EXTRACTION	UNRESOLVED	BLOCKED
selected:d73a4eb5d9d5ee688632	gtk-gui	libpangocairo-1.0.so.0.5600.3	pango	pango-glibc	pango	3	6	DIRECT_APT_AND_RECIPE_FAMILY_CANDIDATE	OPEN_NO_DEB_EXTRACTION	UNRESOLVED	BLOCKED
selected:beb2bb532f0a84c2835f	gtk-gui	libpangoft2-1.0.so.0.5600.3	pango	pango-glibc	pango	4	8	DIRECT_APT_AND_RECIPE_FAMILY_CANDIDATE	OPEN_NO_DEB_EXTRACTION	UNRESOLVED	BLOCKED
selected:84b77925eeb02b53f18e	gtk-gui	libpixman-1.so.0.44.0	pixman	-	-	2	2	INDIRECT_TOKEN_ONLY	OPEN_NO_DEB_EXTRACTION	UNRESOLVED	BLOCKED
selected:4a768de6fd1891617456	gtk-gui	libpng16.so.16.48.0	libpng	libpng-glibc;libpng-glibc-static	libpng	3	5	DIRECT_APT_AND_RECIPE_FAMILY_CANDIDATE	OPEN_NO_DEB_EXTRACTION	UNRESOLVED	BLOCKED
selected:7e82ba054b7d9f26f80e	gtk-gui	libselinux.so.1	libselinux	-	-	0	13	INDIRECT_TOKEN_ONLY	OPEN_NO_DEB_EXTRACTION	UNRESOLVED	BLOCKED
selected:fec77ea4c45ec1a2990d	gtk-gui	libthai.so.0.3.1	libthai	libthai-glibc;libthai-glibc-static	libthai	1	2	DIRECT_APT_AND_RECIPE_FAMILY_CANDIDATE	OPEN_NO_DEB_EXTRACTION	UNRESOLVED	BLOCKED
selected:325be465ce7f532f8ff1	gtk-gui	libXcomposite.so.1.0.0	libxcomposite	libxcomposite-glibc;libxcomposite-glibc-static	libxcomposite	0	6	DIRECT_APT_AND_RECIPE_FAMILY_CANDIDATE	OPEN_NO_DEB_EXTRACTION	UNRESOLVED	BLOCKED
selected:e57423d1cb58b1b78ba4	gtk-gui	libXcursor.so.1.0.2	libxcursor	libxcursor-glibc;libxcursor-glibc-static	libxcursor	0	0	DIRECT_APT_AND_RECIPE_FAMILY_CANDIDATE	OPEN_NO_DEB_EXTRACTION	UNRESOLVED	BLOCKED
selected:b0a8934c10bddecfc8ae	gtk-gui	libXdamage.so.1.1.0	libxdamage	-	-	0	0	NO_RETAINED_CANDIDATE	OPEN_NO_DEB_EXTRACTION	UNRESOLVED	BLOCKED
selected:83bc985c49ec2d778e60	gtk-gui	libXfixes.so.3.1.0	libxfixes	libxfixes-glibc;libxfixes-glibc-static	libxfixes	6	11	DIRECT_APT_AND_RECIPE_FAMILY_CANDIDATE	OPEN_NO_DEB_EXTRACTION	UNRESOLVED	BLOCKED
selected:b869b82b3c70ee88cb30	gtk-gui	libXi.so.6.1.0	libxi	libxi-glibc;libxi-glibc-static	libxi	4	3	DIRECT_APT_AND_RECIPE_FAMILY_CANDIDATE	OPEN_NO_DEB_EXTRACTION	UNRESOLVED	BLOCKED
selected:26a520f7c61bdc61e17c	gtk-gui	libXinerama.so.1.0.0	libxinerama	libxinerama-glibc;libxinerama-glibc-static	libxinerama	0	1	DIRECT_APT_AND_RECIPE_FAMILY_CANDIDATE	OPEN_NO_DEB_EXTRACTION	UNRESOLVED	BLOCKED
selected:0eab80f8c75b58f5c92a	gtk-gui	libxkbcommon.so.0.0.0	libxkbcommon	libxkbcommon-glibc	libxkbcommon	1	1	DIRECT_APT_AND_RECIPE_FAMILY_CANDIDATE	OPEN_NO_DEB_EXTRACTION	UNRESOLVED	BLOCKED
selected:05c00883459557230afc	audio	libasound.so.2.0.0	alsa-lib	alsa-lib-glibc	alsa-lib	0	0	DIRECT_APT_AND_RECIPE_FAMILY_CANDIDATE	OPEN_NO_DEB_EXTRACTION	UNRESOLVED	BLOCKED
selected:263d670b285ce1ec825f	other	libudev.so.1.7.10	libudev-zero;systemd	-	-	0	16	INDIRECT_TOKEN_ONLY	OPEN_NO_DEB_EXTRACTION	UNRESOLVED	BLOCKED
selected:35b1c9007c3c83cca870	printing	libavahi-client.so.3.2.9	avahi	-	-	0	0	NO_RETAINED_CANDIDATE	OPEN_NO_DEB_EXTRACTION	UNRESOLVED	BLOCKED
selected:3dcc0e9505902abee7cd	printing	libavahi-common.so.3.5.4	avahi	-	-	0	0	NO_RETAINED_CANDIDATE	OPEN_NO_DEB_EXTRACTION	UNRESOLVED	BLOCKED
selected:abf1f2bcc689273af482	printing	libcups.so.2	cups	-	-	0	0	NO_RETAINED_CANDIDATE	OPEN_NO_DEB_EXTRACTION	UNRESOLVED	BLOCKED
selected:8415133f42365efb9394	printing	libgnutls.so.30.40.3	libgnutls;gnutls	gnutls-glibc;libgnutls-glibc	gnutls;libgnutls	2	2	DIRECT_APT_AND_RECIPE_FAMILY_CANDIDATE	OPEN_NO_DEB_EXTRACTION	UNRESOLVED	BLOCKED
selected:6d981b8963608a8e0e6b	printing	libhogweed.so.6.10	libnettle;nettle	libnettle-glibc;libnettle-glibc-static;nettle-glibc	libnettle;nettle	2	5	DIRECT_APT_AND_RECIPE_FAMILY_CANDIDATE	OPEN_NO_DEB_EXTRACTION	UNRESOLVED	BLOCKED
selected:1db5922d01fc2d9e4533	printing	libnettle.so.8.10	libnettle;nettle	libnettle-glibc;libnettle-glibc-static;nettle-glibc	libnettle;nettle	2	5	DIRECT_APT_AND_RECIPE_FAMILY_CANDIDATE	OPEN_NO_DEB_EXTRACTION	UNRESOLVED	BLOCKED
selected:f81e2ae2dd9ff402c2fc	printing	libp11-kit.so.0.4.1	p11-kit	p11-kit-glibc	p11-kit	1	2	DIRECT_APT_AND_RECIPE_FAMILY_CANDIDATE	OPEN_NO_DEB_EXTRACTION	UNRESOLVED	BLOCKED
selected:9c9dbf2702e796a10c69	printing	libtasn1.so.6.6.4	libtasn1	libtasn1-glibc;libtasn1-glibc-static	libtasn1	2	3	DIRECT_APT_AND_RECIPE_FAMILY_CANDIDATE	OPEN_NO_DEB_EXTRACTION	UNRESOLVED	BLOCKED
selected:5112da4dd8080fe0687f	printing	libdbus-1.so.3.38.3	dbus	dbus-glibc;dbus-glibc-static	dbus	4	9	DIRECT_APT_AND_RECIPE_FAMILY_CANDIDATE	OPEN_NO_DEB_EXTRACTION	UNRESOLVED	BLOCKED
selected:941f74c36395eb5983c4	printing	libsystemd.so.0.40.0	systemd;libsystemd	-	-	0	14	INDIRECT_TOKEN_ONLY	OPEN_NO_DEB_EXTRACTION	UNRESOLVED	BLOCKED
