step_id	sequence	phase	operation	input_refs	permitted_read_scope	permitted_write_scope	required_evidence	success_transition	failure_code	current_state	authority_gate	prohibited_inference
LSAEP-OP-001	1	PACKAGE	verify package manifest and exact design artifacts	LSAEP-IN-001..004	package/repository metadata	logs only	package verification	LSAEP-OP-002	LSAEP_PACKAGE_INVALID	DESIGN_ONLY_NOT_RUN	SEPARATE_FUTURE_ISSUANCE_COORDINATE_PRODUCTION_TRANSACTION_AUTHORIZATION_REQUIRED	DESIGN_REVIEW_DOES_NOT_ISSUE_OR_ACTIVATE_A_TOKEN_PRODUCE_OR_ACCEPT_A_LIVE_COORDINATE_RECEIPT_AUTHORIZE_DISCOVERY_OPEN_OR_READ_PROVIDER_BYTES_EXECUTE_EVIDENCE_COLLECTION_CREATE_RUNTIME_STATE_POPULATE_MATERIALIZE_PUBLISH_DEPLOY_OR_ACTIVATE
LSAEP-OP-002	2	SOURCE	verify accepted contract decision and four source digests	LSAEP-IN-001..004	repository text	logs only	source digest matrix	LSAEP-OP-003	LSAEP_SOURCE_CONTRACT_MISMATCH	DESIGN_ONLY_NOT_RUN	SEPARATE_FUTURE_ISSUANCE_COORDINATE_PRODUCTION_TRANSACTION_AUTHORIZATION_REQUIRED	DESIGN_REVIEW_DOES_NOT_ISSUE_OR_ACTIVATE_A_TOKEN_PRODUCE_OR_ACCEPT_A_LIVE_COORDINATE_RECEIPT_AUTHORIZE_DISCOVERY_OPEN_OR_READ_PROVIDER_BYTES_EXECUTE_EVIDENCE_COLLECTION_CREATE_RUNTIME_STATE_POPULATE_MATERIALIZE_PUBLISH_DEPLOY_OR_ACTIVATE
LSAEP-OP-003	3	OWNER_INPUT	load explicit owner decision file	LSAEP-IN-005	owner decision metadata	draft/failure receipt only	decision file digest	LSAEP-OP-004	LSAEP_OWNER_DECISION_MISSING	DESIGN_ONLY_NOT_RUN	SEPARATE_FUTURE_ISSUANCE_COORDINATE_PRODUCTION_TRANSACTION_AUTHORIZATION_REQUIRED	DESIGN_REVIEW_DOES_NOT_ISSUE_OR_ACTIVATE_A_TOKEN_PRODUCE_OR_ACCEPT_A_LIVE_COORDINATE_RECEIPT_AUTHORIZE_DISCOVERY_OPEN_OR_READ_PROVIDER_BYTES_EXECUTE_EVIDENCE_COLLECTION_CREATE_RUNTIME_STATE_POPULATE_MATERIALIZE_PUBLISH_DEPLOY_OR_ACTIVATE
LSAEP-OP-004	4	OWNER_ID	verify owner identity and immutable decision id	LSAEP-IN-005	decision metadata	draft/failure receipt only	owner identity result	LSAEP-OP-005	LSAEP_OWNER_IDENTITY_INVALID	DESIGN_ONLY_NOT_RUN	SEPARATE_FUTURE_ISSUANCE_COORDINATE_PRODUCTION_TRANSACTION_AUTHORIZATION_REQUIRED	DESIGN_REVIEW_DOES_NOT_ISSUE_OR_ACTIVATE_A_TOKEN_PRODUCE_OR_ACCEPT_A_LIVE_COORDINATE_RECEIPT_AUTHORIZE_DISCOVERY_OPEN_OR_READ_PROVIDER_BYTES_EXECUTE_EVIDENCE_COLLECTION_CREATE_RUNTIME_STATE_POPULATE_MATERIALIZE_PUBLISH_DEPLOY_OR_ACTIVATE
LSAEP-OP-005	5	OWNER_EFFECT	verify exact read-only permitted and prohibited effects	LSAEP-IN-005	decision metadata	draft/failure receipt only	effect boundary result	LSAEP-OP-006	LSAEP_OWNER_EFFECT_INVALID	DESIGN_ONLY_NOT_RUN	SEPARATE_FUTURE_ISSUANCE_COORDINATE_PRODUCTION_TRANSACTION_AUTHORIZATION_REQUIRED	DESIGN_REVIEW_DOES_NOT_ISSUE_OR_ACTIVATE_A_TOKEN_PRODUCE_OR_ACCEPT_A_LIVE_COORDINATE_RECEIPT_AUTHORIZE_DISCOVERY_OPEN_OR_READ_PROVIDER_BYTES_EXECUTE_EVIDENCE_COLLECTION_CREATE_RUNTIME_STATE_POPULATE_MATERIALIZE_PUBLISH_DEPLOY_OR_ACTIVATE
LSAEP-OP-006	6	BASELINE_LOCAL	verify repository HEAD and tree	LSAEP-IN-007	Git metadata	logs only	local baseline	LSAEP-OP-007	LSAEP_REPOSITORY_BASELINE_MISMATCH	DESIGN_ONLY_NOT_RUN	SEPARATE_FUTURE_ISSUANCE_COORDINATE_PRODUCTION_TRANSACTION_AUTHORIZATION_REQUIRED	DESIGN_REVIEW_DOES_NOT_ISSUE_OR_ACTIVATE_A_TOKEN_PRODUCE_OR_ACCEPT_A_LIVE_COORDINATE_RECEIPT_AUTHORIZE_DISCOVERY_OPEN_OR_READ_PROVIDER_BYTES_EXECUTE_EVIDENCE_COLLECTION_CREATE_RUNTIME_STATE_POPULATE_MATERIALIZE_PUBLISH_DEPLOY_OR_ACTIVATE
LSAEP-OP-007	7	BASELINE_REMOTE	verify remote HEAD equals local and decision	LSAEP-IN-008	remote metadata	logs only	remote baseline	LSAEP-OP-008	LSAEP_REMOTE_BASELINE_MISMATCH	DESIGN_ONLY_NOT_RUN	SEPARATE_FUTURE_ISSUANCE_COORDINATE_PRODUCTION_TRANSACTION_AUTHORIZATION_REQUIRED	DESIGN_REVIEW_DOES_NOT_ISSUE_OR_ACTIVATE_A_TOKEN_PRODUCE_OR_ACCEPT_A_LIVE_COORDINATE_RECEIPT_AUTHORIZE_DISCOVERY_OPEN_OR_READ_PROVIDER_BYTES_EXECUTE_EVIDENCE_COLLECTION_CREATE_RUNTIME_STATE_POPULATE_MATERIALIZE_PUBLISH_DEPLOY_OR_ACTIVATE
LSAEP-OP-008	8	EXECUTOR	verify numeric executor uid	LSAEP-IN-009	process metadata	logs only	uid result	LSAEP-OP-009	LSAEP_EXECUTOR_IDENTITY_MISMATCH	DESIGN_ONLY_NOT_RUN	SEPARATE_FUTURE_ISSUANCE_COORDINATE_PRODUCTION_TRANSACTION_AUTHORIZATION_REQUIRED	DESIGN_REVIEW_DOES_NOT_ISSUE_OR_ACTIVATE_A_TOKEN_PRODUCE_OR_ACCEPT_A_LIVE_COORDINATE_RECEIPT_AUTHORIZE_DISCOVERY_OPEN_OR_READ_PROVIDER_BYTES_EXECUTE_EVIDENCE_COLLECTION_CREATE_RUNTIME_STATE_POPULATE_MATERIALIZE_PUBLISH_DEPLOY_OR_ACTIVATE
LSAEP-OP-009	9	TIME	verify issue/not-before/expiry ordering and 86400 second cap	LSAEP-IN-010	clock and decision metadata	draft/failure receipt only	time-window result	LSAEP-OP-010	LSAEP_TIME_WINDOW_INVALID	DESIGN_ONLY_NOT_RUN	SEPARATE_FUTURE_ISSUANCE_COORDINATE_PRODUCTION_TRANSACTION_AUTHORIZATION_REQUIRED	DESIGN_REVIEW_DOES_NOT_ISSUE_OR_ACTIVATE_A_TOKEN_PRODUCE_OR_ACCEPT_A_LIVE_COORDINATE_RECEIPT_AUTHORIZE_DISCOVERY_OPEN_OR_READ_PROVIDER_BYTES_EXECUTE_EVIDENCE_COLLECTION_CREATE_RUNTIME_STATE_POPULATE_MATERIALIZE_PUBLISH_DEPLOY_OR_ACTIVATE
LSAEP-OP-010	10	REVOCATION	verify owner revocation epoch	LSAEP-IN-011	registry metadata	draft/failure receipt only	epoch result	LSAEP-OP-011	LSAEP_TOKEN_REVOKED	DESIGN_ONLY_NOT_RUN	SEPARATE_FUTURE_ISSUANCE_COORDINATE_PRODUCTION_TRANSACTION_AUTHORIZATION_REQUIRED	DESIGN_REVIEW_DOES_NOT_ISSUE_OR_ACTIVATE_A_TOKEN_PRODUCE_OR_ACCEPT_A_LIVE_COORDINATE_RECEIPT_AUTHORIZE_DISCOVERY_OPEN_OR_READ_PROVIDER_BYTES_EXECUTE_EVIDENCE_COLLECTION_CREATE_RUNTIME_STATE_POPULATE_MATERIALIZE_PUBLISH_DEPLOY_OR_ACTIVATE
LSAEP-OP-011	11	REPLAY	verify token id nonce transaction and receipt tuple unused	LSAEP-IN-011	registry metadata	draft/failure receipt only	anti-replay result	LSAEP-OP-012	LSAEP_TOKEN_REPLAY	DESIGN_ONLY_NOT_RUN	SEPARATE_FUTURE_ISSUANCE_COORDINATE_PRODUCTION_TRANSACTION_AUTHORIZATION_REQUIRED	DESIGN_REVIEW_DOES_NOT_ISSUE_OR_ACTIVATE_A_TOKEN_PRODUCE_OR_ACCEPT_A_LIVE_COORDINATE_RECEIPT_AUTHORIZE_DISCOVERY_OPEN_OR_READ_PROVIDER_BYTES_EXECUTE_EVIDENCE_COLLECTION_CREATE_RUNTIME_STATE_POPULATE_MATERIALIZE_PUBLISH_DEPLOY_OR_ACTIVATE
LSAEP-OP-012	12	COORD_INPUT	load explicit coordinate source file	LSAEP-IN-006	coordinate text only	draft/failure receipt only	coordinate source digest	LSAEP-OP-013	LSAEP_COORDINATE_SOURCE_INVALID	DESIGN_ONLY_NOT_RUN	SEPARATE_FUTURE_ISSUANCE_COORDINATE_PRODUCTION_TRANSACTION_AUTHORIZATION_REQUIRED	DESIGN_REVIEW_DOES_NOT_ISSUE_OR_ACTIVATE_A_TOKEN_PRODUCE_OR_ACCEPT_A_LIVE_COORDINATE_RECEIPT_AUTHORIZE_DISCOVERY_OPEN_OR_READ_PROVIDER_BYTES_EXECUTE_EVIDENCE_COLLECTION_CREATE_RUNTIME_STATE_POPULATE_MATERIALIZE_PUBLISH_DEPLOY_OR_ACTIVATE
LSAEP-OP-013	13	COORD_COUNT	require exactly 41 rows	LSAEP-IN-006	coordinate metadata	draft receipt only	row count	LSAEP-OP-014	LSAEP_COORDINATE_ROW_COUNT_MISMATCH	DESIGN_ONLY_NOT_RUN	SEPARATE_FUTURE_ISSUANCE_COORDINATE_PRODUCTION_TRANSACTION_AUTHORIZATION_REQUIRED	DESIGN_REVIEW_DOES_NOT_ISSUE_OR_ACTIVATE_A_TOKEN_PRODUCE_OR_ACCEPT_A_LIVE_COORDINATE_RECEIPT_AUTHORIZE_DISCOVERY_OPEN_OR_READ_PROVIDER_BYTES_EXECUTE_EVIDENCE_COLLECTION_CREATE_RUNTIME_STATE_POPULATE_MATERIALIZE_PUBLISH_DEPLOY_OR_ACTIVATE
LSAEP-OP-014	14	COORD_SET	require exact unique accepted contract row-id set	LSAEP-IN-002,006	contract and coordinate metadata	draft receipt only	row-id set	LSAEP-OP-015	LSAEP_COORDINATE_ROW_SET_MISMATCH	DESIGN_ONLY_NOT_RUN	SEPARATE_FUTURE_ISSUANCE_COORDINATE_PRODUCTION_TRANSACTION_AUTHORIZATION_REQUIRED	DESIGN_REVIEW_DOES_NOT_ISSUE_OR_ACTIVATE_A_TOKEN_PRODUCE_OR_ACCEPT_A_LIVE_COORDINATE_RECEIPT_AUTHORIZE_DISCOVERY_OPEN_OR_READ_PROVIDER_BYTES_EXECUTE_EVIDENCE_COLLECTION_CREATE_RUNTIME_STATE_POPULATE_MATERIALIZE_PUBLISH_DEPLOY_OR_ACTIVATE
LSAEP-OP-015	15	COORD_SEQUENCE	sort rows by accepted contract sequence	LSAEP-IN-002,006	metadata only	draft receipt only	sequence result	LSAEP-OP-016	LSAEP_COORDINATE_SEQUENCE_MISMATCH	DESIGN_ONLY_NOT_RUN	SEPARATE_FUTURE_ISSUANCE_COORDINATE_PRODUCTION_TRANSACTION_AUTHORIZATION_REQUIRED	DESIGN_REVIEW_DOES_NOT_ISSUE_OR_ACTIVATE_A_TOKEN_PRODUCE_OR_ACCEPT_A_LIVE_COORDINATE_RECEIPT_AUTHORIZE_DISCOVERY_OPEN_OR_READ_PROVIDER_BYTES_EXECUTE_EVIDENCE_COLLECTION_CREATE_RUNTIME_STATE_POPULATE_MATERIALIZE_PUBLISH_DEPLOY_OR_ACTIVATE
LSAEP-OP-016	16	OBJECT_BIND	verify object id digest size and soname per row	LSAEP-IN-002,006	metadata only	draft receipt only	41 object-binding results	LSAEP-OP-017	LSAEP_OBJECT_BINDING_MISMATCH	DESIGN_ONLY_NOT_RUN	SEPARATE_FUTURE_ISSUANCE_COORDINATE_PRODUCTION_TRANSACTION_AUTHORIZATION_REQUIRED	DESIGN_REVIEW_DOES_NOT_ISSUE_OR_ACTIVATE_A_TOKEN_PRODUCE_OR_ACCEPT_A_LIVE_COORDINATE_RECEIPT_AUTHORIZE_DISCOVERY_OPEN_OR_READ_PROVIDER_BYTES_EXECUTE_EVIDENCE_COLLECTION_CREATE_RUNTIME_STATE_POPULATE_MATERIALIZE_PUBLISH_DEPLOY_OR_ACTIVATE
LSAEP-OP-017	17	PATH_ABSOLUTE	validate absolute canonical UTF-8 path strings	LSAEP-IN-006	path text only no lstat/open	draft receipt only	41 path syntax results	LSAEP-OP-018	LSAEP_PATH_NOT_ABSOLUTE	DESIGN_ONLY_NOT_RUN	SEPARATE_FUTURE_ISSUANCE_COORDINATE_PRODUCTION_TRANSACTION_AUTHORIZATION_REQUIRED	DESIGN_REVIEW_DOES_NOT_ISSUE_OR_ACTIVATE_A_TOKEN_PRODUCE_OR_ACCEPT_A_LIVE_COORDINATE_RECEIPT_AUTHORIZE_DISCOVERY_OPEN_OR_READ_PROVIDER_BYTES_EXECUTE_EVIDENCE_COLLECTION_CREATE_RUNTIME_STATE_POPULATE_MATERIALIZE_PUBLISH_DEPLOY_OR_ACTIVATE
LSAEP-OP-018	18	PATH_COMPONENTS	reject dot dotdot glob variable tilde command and search syntax	LSAEP-IN-006	path text only	draft receipt only	41 path expression results	LSAEP-OP-019	LSAEP_PATH_EXPRESSION	DESIGN_ONLY_NOT_RUN	SEPARATE_FUTURE_ISSUANCE_COORDINATE_PRODUCTION_TRANSACTION_AUTHORIZATION_REQUIRED	DESIGN_REVIEW_DOES_NOT_ISSUE_OR_ACTIVATE_A_TOKEN_PRODUCE_OR_ACCEPT_A_LIVE_COORDINATE_RECEIPT_AUTHORIZE_DISCOVERY_OPEN_OR_READ_PROVIDER_BYTES_EXECUTE_EVIDENCE_COLLECTION_CREATE_RUNTIME_STATE_POPULATE_MATERIALIZE_PUBLISH_DEPLOY_OR_ACTIVATE
LSAEP-OP-019	19	PATH_UNIQUE	require unique canonical path and path-text digest	LSAEP-IN-006	path text only	draft receipt only	uniqueness result	LSAEP-OP-020	LSAEP_PATH_DUPLICATE	DESIGN_ONLY_NOT_RUN	SEPARATE_FUTURE_ISSUANCE_COORDINATE_PRODUCTION_TRANSACTION_AUTHORIZATION_REQUIRED	DESIGN_REVIEW_DOES_NOT_ISSUE_OR_ACTIVATE_A_TOKEN_PRODUCE_OR_ACCEPT_A_LIVE_COORDINATE_RECEIPT_AUTHORIZE_DISCOVERY_OPEN_OR_READ_PROVIDER_BYTES_EXECUTE_EVIDENCE_COLLECTION_CREATE_RUNTIME_STATE_POPULATE_MATERIALIZE_PUBLISH_DEPLOY_OR_ACTIVATE
LSAEP-OP-020	20	COORD_AUTH	verify immutable coordinate authority id and origin	LSAEP-IN-006	coordinate metadata	draft receipt only	authority results	LSAEP-OP-021	LSAEP_COORDINATE_AUTHORITY_INVALID	DESIGN_ONLY_NOT_RUN	SEPARATE_FUTURE_ISSUANCE_COORDINATE_PRODUCTION_TRANSACTION_AUTHORIZATION_REQUIRED	DESIGN_REVIEW_DOES_NOT_ISSUE_OR_ACTIVATE_A_TOKEN_PRODUCE_OR_ACCEPT_A_LIVE_COORDINATE_RECEIPT_AUTHORIZE_DISCOVERY_OPEN_OR_READ_PROVIDER_BYTES_EXECUTE_EVIDENCE_COLLECTION_CREATE_RUNTIME_STATE_POPULATE_MATERIALIZE_PUBLISH_DEPLOY_OR_ACTIVATE
LSAEP-OP-021	21	ROW_DIGEST	compute canonical path-text digest for every row	LSAEP-IN-012	coordinate text	draft receipt only	41 path-text digests	LSAEP-OP-022	LSAEP_PATH_DIGEST_MISMATCH	DESIGN_ONLY_NOT_RUN	SEPARATE_FUTURE_ISSUANCE_COORDINATE_PRODUCTION_TRANSACTION_AUTHORIZATION_REQUIRED	DESIGN_REVIEW_DOES_NOT_ISSUE_OR_ACTIVATE_A_TOKEN_PRODUCE_OR_ACCEPT_A_LIVE_COORDINATE_RECEIPT_AUTHORIZE_DISCOVERY_OPEN_OR_READ_PROVIDER_BYTES_EXECUTE_EVIDENCE_COLLECTION_CREATE_RUNTIME_STATE_POPULATE_MATERIALIZE_PUBLISH_DEPLOY_OR_ACTIVATE
LSAEP-OP-022	22	COORD_ENVELOPE	assemble 11-field coordinate envelope	LSAEP-IN-003,006	metadata only	coordinate draft only	envelope result	LSAEP-OP-023	LSAEP_COORDINATE_ENVELOPE_INVALID	DESIGN_ONLY_NOT_RUN	SEPARATE_FUTURE_ISSUANCE_COORDINATE_PRODUCTION_TRANSACTION_AUTHORIZATION_REQUIRED	DESIGN_REVIEW_DOES_NOT_ISSUE_OR_ACTIVATE_A_TOKEN_PRODUCE_OR_ACCEPT_A_LIVE_COORDINATE_RECEIPT_AUTHORIZE_DISCOVERY_OPEN_OR_READ_PROVIDER_BYTES_EXECUTE_EVIDENCE_COLLECTION_CREATE_RUNTIME_STATE_POPULATE_MATERIALIZE_PUBLISH_DEPLOY_OR_ACTIVATE
LSAEP-OP-023	23	COORD_SERIALIZE	canonical serialize receipt without receipt digest field	LSAEP-IN-012	draft metadata	coordinate draft only	canonical bytes	LSAEP-OP-024	LSAEP_COORDINATE_SERIALIZATION_FAILED	DESIGN_ONLY_NOT_RUN	SEPARATE_FUTURE_ISSUANCE_COORDINATE_PRODUCTION_TRANSACTION_AUTHORIZATION_REQUIRED	DESIGN_REVIEW_DOES_NOT_ISSUE_OR_ACTIVATE_A_TOKEN_PRODUCE_OR_ACCEPT_A_LIVE_COORDINATE_RECEIPT_AUTHORIZE_DISCOVERY_OPEN_OR_READ_PROVIDER_BYTES_EXECUTE_EVIDENCE_COLLECTION_CREATE_RUNTIME_STATE_POPULATE_MATERIALIZE_PUBLISH_DEPLOY_OR_ACTIVATE
LSAEP-OP-024	24	COORD_DIGEST	compute coordinate receipt SHA-256	LSAEP-IN-012	canonical draft bytes	coordinate draft only	receipt digest	LSAEP-OP-025	LSAEP_COORDINATE_DIGEST_MISMATCH	DESIGN_ONLY_NOT_RUN	SEPARATE_FUTURE_ISSUANCE_COORDINATE_PRODUCTION_TRANSACTION_AUTHORIZATION_REQUIRED	DESIGN_REVIEW_DOES_NOT_ISSUE_OR_ACTIVATE_A_TOKEN_PRODUCE_OR_ACCEPT_A_LIVE_COORDINATE_RECEIPT_AUTHORIZE_DISCOVERY_OPEN_OR_READ_PROVIDER_BYTES_EXECUTE_EVIDENCE_COLLECTION_CREATE_RUNTIME_STATE_POPULATE_MATERIALIZE_PUBLISH_DEPLOY_OR_ACTIVATE
LSAEP-OP-025	25	TOKEN_CLAIMS	assemble exact 18 token claims	LSAEP-IN-002,005	decision and baseline metadata	token draft only	claim matrix	LSAEP-OP-026	LSAEP_TOKEN_CLAIMS_INVALID	DESIGN_ONLY_NOT_RUN	SEPARATE_FUTURE_ISSUANCE_COORDINATE_PRODUCTION_TRANSACTION_AUTHORIZATION_REQUIRED	DESIGN_REVIEW_DOES_NOT_ISSUE_OR_ACTIVATE_A_TOKEN_PRODUCE_OR_ACCEPT_A_LIVE_COORDINATE_RECEIPT_AUTHORIZE_DISCOVERY_OPEN_OR_READ_PROVIDER_BYTES_EXECUTE_EVIDENCE_COLLECTION_CREATE_RUNTIME_STATE_POPULATE_MATERIALIZE_PUBLISH_DEPLOY_OR_ACTIVATE
LSAEP-OP-026	26	TOKEN_BIND	bind coordinate receipt digest and accepted IDs	LSAEP-IN-001..005	metadata only	token draft only	binding matrix	LSAEP-OP-027	LSAEP_TOKEN_BINDING_MISMATCH	DESIGN_ONLY_NOT_RUN	SEPARATE_FUTURE_ISSUANCE_COORDINATE_PRODUCTION_TRANSACTION_AUTHORIZATION_REQUIRED	DESIGN_REVIEW_DOES_NOT_ISSUE_OR_ACTIVATE_A_TOKEN_PRODUCE_OR_ACCEPT_A_LIVE_COORDINATE_RECEIPT_AUTHORIZE_DISCOVERY_OPEN_OR_READ_PROVIDER_BYTES_EXECUTE_EVIDENCE_COLLECTION_CREATE_RUNTIME_STATE_POPULATE_MATERIALIZE_PUBLISH_DEPLOY_OR_ACTIVATE
LSAEP-OP-027	27	TOKEN_SERIALIZE	canonical serialize token candidate	LSAEP-IN-012	token draft metadata	token draft only	canonical token bytes	LSAEP-OP-028	LSAEP_TOKEN_SERIALIZATION_FAILED	DESIGN_ONLY_NOT_RUN	SEPARATE_FUTURE_ISSUANCE_COORDINATE_PRODUCTION_TRANSACTION_AUTHORIZATION_REQUIRED	DESIGN_REVIEW_DOES_NOT_ISSUE_OR_ACTIVATE_A_TOKEN_PRODUCE_OR_ACCEPT_A_LIVE_COORDINATE_RECEIPT_AUTHORIZE_DISCOVERY_OPEN_OR_READ_PROVIDER_BYTES_EXECUTE_EVIDENCE_COLLECTION_CREATE_RUNTIME_STATE_POPULATE_MATERIALIZE_PUBLISH_DEPLOY_OR_ACTIVATE
LSAEP-OP-028	28	TOKEN_DIGEST	compute token candidate SHA-256	LSAEP-IN-012	canonical token draft	token draft only	token digest	LSAEP-OP-029	LSAEP_TOKEN_DIGEST_FAILED	DESIGN_ONLY_NOT_RUN	SEPARATE_FUTURE_ISSUANCE_COORDINATE_PRODUCTION_TRANSACTION_AUTHORIZATION_REQUIRED	DESIGN_REVIEW_DOES_NOT_ISSUE_OR_ACTIVATE_A_TOKEN_PRODUCE_OR_ACCEPT_A_LIVE_COORDINATE_RECEIPT_AUTHORIZE_DISCOVERY_OPEN_OR_READ_PROVIDER_BYTES_EXECUTE_EVIDENCE_COLLECTION_CREATE_RUNTIME_STATE_POPULATE_MATERIALIZE_PUBLISH_DEPLOY_OR_ACTIVATE
LSAEP-OP-029	29	CROSS_BIND	cross-check owner decision token coordinate receipt baselines uid and transaction id	LSAEP-IN-005..011	metadata only	draft/failure receipt only	cross-binding matrix	LSAEP-OP-030	LSAEP_CROSS_BINDING_MISMATCH	DESIGN_ONLY_NOT_RUN	SEPARATE_FUTURE_ISSUANCE_COORDINATE_PRODUCTION_TRANSACTION_AUTHORIZATION_REQUIRED	DESIGN_REVIEW_DOES_NOT_ISSUE_OR_ACTIVATE_A_TOKEN_PRODUCE_OR_ACCEPT_A_LIVE_COORDINATE_RECEIPT_AUTHORIZE_DISCOVERY_OPEN_OR_READ_PROVIDER_BYTES_EXECUTE_EVIDENCE_COLLECTION_CREATE_RUNTIME_STATE_POPULATE_MATERIALIZE_PUBLISH_DEPLOY_OR_ACTIVATE
LSAEP-OP-030	30	PROTECT_PRE	snapshot protected state before candidate staging	LSAEP-IN-013	protected metadata	snapshot/log only	before snapshot	LSAEP-OP-031	LSAEP_PROTECTED_STATE_CHANGED	DESIGN_ONLY_NOT_RUN	SEPARATE_FUTURE_ISSUANCE_COORDINATE_PRODUCTION_TRANSACTION_AUTHORIZATION_REQUIRED	DESIGN_REVIEW_DOES_NOT_ISSUE_OR_ACTIVATE_A_TOKEN_PRODUCE_OR_ACCEPT_A_LIVE_COORDINATE_RECEIPT_AUTHORIZE_DISCOVERY_OPEN_OR_READ_PROVIDER_BYTES_EXECUTE_EVIDENCE_COLLECTION_CREATE_RUNTIME_STATE_POPULATE_MATERIALIZE_PUBLISH_DEPLOY_OR_ACTIVATE
LSAEP-OP-031	31	STAGE	stage token and coordinate candidates as inactive transaction outputs	LSAEP-IN-014	none outside output root	transaction-scoped inactive candidates only	staging manifest	LSAEP-OP-032	LSAEP_OUTPUT_SCOPE_VIOLATION	DESIGN_ONLY_NOT_RUN	SEPARATE_FUTURE_ISSUANCE_COORDINATE_PRODUCTION_TRANSACTION_AUTHORIZATION_REQUIRED	DESIGN_REVIEW_DOES_NOT_ISSUE_OR_ACTIVATE_A_TOKEN_PRODUCE_OR_ACCEPT_A_LIVE_COORDINATE_RECEIPT_AUTHORIZE_DISCOVERY_OPEN_OR_READ_PROVIDER_BYTES_EXECUTE_EVIDENCE_COLLECTION_CREATE_RUNTIME_STATE_POPULATE_MATERIALIZE_PUBLISH_DEPLOY_OR_ACTIVATE
LSAEP-OP-032	32	NO_ACTIVATION	prove no live registry activation or execution authorization	LSAEP-IN-011,014	registry/output metadata	logs only	zero-live-authority assertion	LSAEP-OP-033	LSAEP_LIVE_AUTHORITY_CREATED	DESIGN_ONLY_NOT_RUN	SEPARATE_FUTURE_ISSUANCE_COORDINATE_PRODUCTION_TRANSACTION_AUTHORIZATION_REQUIRED	DESIGN_REVIEW_DOES_NOT_ISSUE_OR_ACTIVATE_A_TOKEN_PRODUCE_OR_ACCEPT_A_LIVE_COORDINATE_RECEIPT_AUTHORIZE_DISCOVERY_OPEN_OR_READ_PROVIDER_BYTES_EXECUTE_EVIDENCE_COLLECTION_CREATE_RUNTIME_STATE_POPULATE_MATERIALIZE_PUBLISH_DEPLOY_OR_ACTIVATE
LSAEP-OP-033	33	PROTECT_POST	snapshot protected state after staging	LSAEP-IN-013	protected metadata	snapshot/log only	after snapshot	LSAEP-OP-034	LSAEP_PROTECTED_STATE_CHANGED	DESIGN_ONLY_NOT_RUN	SEPARATE_FUTURE_ISSUANCE_COORDINATE_PRODUCTION_TRANSACTION_AUTHORIZATION_REQUIRED	DESIGN_REVIEW_DOES_NOT_ISSUE_OR_ACTIVATE_A_TOKEN_PRODUCE_OR_ACCEPT_A_LIVE_COORDINATE_RECEIPT_AUTHORIZE_DISCOVERY_OPEN_OR_READ_PROVIDER_BYTES_EXECUTE_EVIDENCE_COLLECTION_CREATE_RUNTIME_STATE_POPULATE_MATERIALIZE_PUBLISH_DEPLOY_OR_ACTIVATE
LSAEP-OP-034	34	INVARIANCE	compare repository remote package databases live prefix and registry	LSAEP-IN-007,008,011,013	metadata only	invariance receipt only	invariance matrix	LSAEP-OP-035	LSAEP_INVARIANCE_FAILED	DESIGN_ONLY_NOT_RUN	SEPARATE_FUTURE_ISSUANCE_COORDINATE_PRODUCTION_TRANSACTION_AUTHORIZATION_REQUIRED	DESIGN_REVIEW_DOES_NOT_ISSUE_OR_ACTIVATE_A_TOKEN_PRODUCE_OR_ACCEPT_A_LIVE_COORDINATE_RECEIPT_AUTHORIZE_DISCOVERY_OPEN_OR_READ_PROVIDER_BYTES_EXECUTE_EVIDENCE_COLLECTION_CREATE_RUNTIME_STATE_POPULATE_MATERIALIZE_PUBLISH_DEPLOY_OR_ACTIVATE
LSAEP-OP-035	35	RESULT	emit canonical candidate or failure receipt and result index	LSAEP-IN-014	transaction files	result files only	indexed result	LSAEP-OP-036	LSAEP_RESULT_FINALIZATION_FAILED	DESIGN_ONLY_NOT_RUN	SEPARATE_FUTURE_ISSUANCE_COORDINATE_PRODUCTION_TRANSACTION_AUTHORIZATION_REQUIRED	DESIGN_REVIEW_DOES_NOT_ISSUE_OR_ACTIVATE_A_TOKEN_PRODUCE_OR_ACCEPT_A_LIVE_COORDINATE_RECEIPT_AUTHORIZE_DISCOVERY_OPEN_OR_READ_PROVIDER_BYTES_EXECUTE_EVIDENCE_COLLECTION_CREATE_RUNTIME_STATE_POPULATE_MATERIALIZE_PUBLISH_DEPLOY_OR_ACTIVATE
LSAEP-OP-036	36	ARCHIVE_UPLOAD	archive upload and finalize status	LSAEP-IN-014	transaction result files	result archive only	remote result coordinate	QUALIFIED_DESIGN_OUTPUT	LSAEP_ARCHIVE_OR_UPLOAD_FAILED	DESIGN_ONLY_NOT_RUN	SEPARATE_FUTURE_ISSUANCE_COORDINATE_PRODUCTION_TRANSACTION_AUTHORIZATION_REQUIRED	DESIGN_REVIEW_DOES_NOT_ISSUE_OR_ACTIVATE_A_TOKEN_PRODUCE_OR_ACCEPT_A_LIVE_COORDINATE_RECEIPT_AUTHORIZE_DISCOVERY_OPEN_OR_READ_PROVIDER_BYTES_EXECUTE_EVIDENCE_COLLECTION_CREATE_RUNTIME_STATE_POPULATE_MATERIALIZE_PUBLISH_DEPLOY_OR_ACTIVATE
