state_id	phase_order	state_name	state_class	entry_requirements	permitted_effects	required_checks	success_transition	failure_transition	resume_rule	authorization_gate	current_authority_state	prohibited_inference
MAT-S00	0	DESIGN_CANDIDATE_QUALIFIED	CURRENT_READ_ONLY	ALL_DESIGN_TABLES_REGENERATE_AND_CHECK	DOCUMENT_AND_REVIEW_ONLY	NO_PATH_OR_BYTE_EFFECT	MAT-S01	MAT-F00	REGENERATE_FROM_LOCKED_SOURCES	NONE	QUALIFIED_CANDIDATE_ACCEPTANCE_OPEN	STATE_DEFINITION_DOES_NOT_AUTHORIZE_EXECUTION_BYTE_ACQUISITION_ROOT_CREATION_TARGET_WRITE_POPULATION_PUBLICATION_DEPLOYMENT_OR_ACTIVATION
MAT-S01	1	DESIGN_ACCEPTANCE_REQUIRED	CURRENT_GATE	SEPARATE_ACCEPTANCE_TRANSACTION	ACCEPT_OR_REJECT_DESIGN_ONLY	EXACT_CANDIDATE_DIGESTS_AND_NO_AUTHORITY_WIDENING	MAT-S02	MAT-F00	NO_EXECUTION_RESUME	SEPARATE_DESIGN_ACCEPTANCE_REQUIRED	OPEN_NOT_ACCEPTED	STATE_DEFINITION_DOES_NOT_AUTHORIZE_EXECUTION_BYTE_ACQUISITION_ROOT_CREATION_TARGET_WRITE_POPULATION_PUBLICATION_DEPLOYMENT_OR_ACTIVATION
MAT-S02	2	EXECUTION_AUTHORIZATION_REQUIRED	FUTURE_GATE	ACCEPTED_DESIGN_AND_SEPARATE_EXECUTION_AUTHORIZATION_ID	NO_MUTATION_UNTIL_TOKEN_VALIDATES	TOKEN_BINDS_DESIGN_JSON_SHA_AUTHORITY_SNAPSHOT_GENERATION_ID_AND_ALLOWED_EFFECTS	MAT-S10	MAT-F00	REVALIDATE_TOKEN	FUTURE_SEPARATE_EXECUTION_AUTHORIZATION_REQUIRED	NOT_AUTHORIZED	STATE_DEFINITION_DOES_NOT_AUTHORIZE_EXECUTION_BYTE_ACQUISITION_ROOT_CREATION_TARGET_WRITE_POPULATION_PUBLICATION_DEPLOYMENT_OR_ACTIVATION
MAT-S10	10	EXCLUSIVE_LOCK_HELD	FUTURE_MUTATING	VALID_EXECUTION_AUTHORIZATION	OPEN_NOFOLLOW_LOCK_FILE_AND_FCNTL_EXCLUSIVE_LOCK	OWNER_MODE_PATH_AND_STALE_METADATA	MAT-S20	MAT-F10	REENTER_ONLY_WITH_SAME_AUTHORIZATION_ID	FUTURE_SEPARATE_EXECUTION_AUTHORIZATION_REQUIRED	NOT_AUTHORIZED	STATE_DEFINITION_DOES_NOT_AUTHORIZE_EXECUTION_BYTE_ACQUISITION_ROOT_CREATION_TARGET_WRITE_POPULATION_PUBLICATION_DEPLOYMENT_OR_ACTIVATION
MAT-S20	20	RUNTIME_PREFLIGHT_PASSED	FUTURE_READ_ONLY	LOCK_HELD	LSTAT_STATVFS_STATFS_AND_INPUT_METADATA_READS_ONLY	ROOT_PROTECTED_PATH_DEVICE_OWNER_MODE_SPACE_HARDLINK_RENAME_AND_INPUT_CHECKS	MAT-S30	MAT-F10	RERUN_ALL_PREFLIGHT_CHECKS	FUTURE_SEPARATE_EXECUTION_AUTHORIZATION_REQUIRED	NOT_AUTHORIZED	STATE_DEFINITION_DOES_NOT_AUTHORIZE_EXECUTION_BYTE_ACQUISITION_ROOT_CREATION_TARGET_WRITE_POPULATION_PUBLICATION_DEPLOYMENT_OR_ACTIVATION
MAT-S30	30	SUPPLY_LOCALIZATION_BOUND	FUTURE_READ_ONLY	PREFLIGHT_PASSED_AND_41_ROW_LOCALIZATION_RECEIPT	READ_LOCAL_RESULT_ARCHIVES_ONLY	REGULAR_NOFOLLOW_EXACT_OUTER_SHA_RESULT_INDEX_AND_MEMBER_LOCATOR	MAT-S40	MAT-F10	REVERIFY_ALL_41_LOCAL_INPUTS	FUTURE_SEPARATE_EXECUTION_AUTHORIZATION_REQUIRED	NOT_AUTHORIZED	STATE_DEFINITION_DOES_NOT_AUTHORIZE_EXECUTION_BYTE_ACQUISITION_ROOT_CREATION_TARGET_WRITE_POPULATION_PUBLICATION_DEPLOYMENT_OR_ACTIVATION
MAT-S40	40	TRANSACTION_STAGING_OPEN	FUTURE_MUTATING	SUPPLY_BOUND	CREATE_EXACT_TRANSACTION_SCOPED_STAGING_AND_JOURNAL_ONLY	O_EXCL_NOFOLLOW_OWNER_0700_SAME_DEVICE	MAT-S50	MAT-F20	RESUME_ONLY_IF_TRANSACTION_JOURNAL_DIGEST_MATCHES	FUTURE_SEPARATE_EXECUTION_AUTHORIZATION_REQUIRED	NOT_AUTHORIZED	STATE_DEFINITION_DOES_NOT_AUTHORIZE_EXECUTION_BYTE_ACQUISITION_ROOT_CREATION_TARGET_WRITE_POPULATION_PUBLICATION_DEPLOYMENT_OR_ACTIVATION
MAT-S50	50	CONTENT_ADDRESSED_OBJECTS_COMPLETE	FUTURE_MUTATING	STAGING_OPEN	STREAM_VERIFY_AND_PUBLISH_41_OBJECTS_TO_CONTENT_ADDRESS_STORE	SIZE_SHA_ELF_SONAME_RPATH_RUNPATH_NEEDED_AND_OBJECT_PATH	MAT-S60	MAT-F20	REUSE_ONLY_EXACT_VERIFIED_FINAL_OBJECTS	FUTURE_SEPARATE_EXECUTION_AUTHORIZATION_REQUIRED	NOT_AUTHORIZED	STATE_DEFINITION_DOES_NOT_AUTHORIZE_EXECUTION_BYTE_ACQUISITION_ROOT_CREATION_TARGET_WRITE_POPULATION_PUBLICATION_DEPLOYMENT_OR_ACTIVATION
MAT-S60	60	GENERATION_REGULARS_COMPLETE	FUTURE_MUTATING	ALL_41_OBJECTS_COMPLETE	CREATE_STAGING_GENERATION_DIRS_AND_HARDLINK_41_REGULARS	NO_COPY_FALLBACK_SAME_DEVICE_TARGET_PATH_COUNT_AND_ATOMIC_FAMILY_BARRIER	MAT-S70	MAT-F20	REVERIFY_EXISTING_TX_SCOPED_LINKS	FUTURE_SEPARATE_EXECUTION_AUTHORIZATION_REQUIRED	NOT_AUTHORIZED	STATE_DEFINITION_DOES_NOT_AUTHORIZE_EXECUTION_BYTE_ACQUISITION_ROOT_CREATION_TARGET_WRITE_POPULATION_PUBLICATION_DEPLOYMENT_OR_ACTIVATION
MAT-S70	70	GENERATION_ALIASES_COMPLETE	FUTURE_MUTATING	ALL_REGULARS_AND_ATOMIC_FAMILIES_COMPLETE	CREATE_41_RELATIVE_SONAME_SYMLINKS	ALIAS_BASENAME_TARGET_NO_ABSOLUTE_PARENT_OR_COLLISION	MAT-S80	MAT-F20	REVERIFY_EXACT_TX_SCOPED_SYMLINKS	FUTURE_SEPARATE_EXECUTION_AUTHORIZATION_REQUIRED	NOT_AUTHORIZED	STATE_DEFINITION_DOES_NOT_AUTHORIZE_EXECUTION_BYTE_ACQUISITION_ROOT_CREATION_TARGET_WRITE_POPULATION_PUBLICATION_DEPLOYMENT_OR_ACTIVATION
MAT-S80	80	WHOLE_GENERATION_VERIFIED	FUTURE_READ_ONLY	REGULARS_AND_ALIASES_COMPLETE	READ_ONLY_WHOLE_TREE_ELF_DEPENDENCY_AND_LOADER_CHECKS	82_ROWS_41_OBJECTS_41_ALIASES_ZERO_COLLISIONS_ATOMIC_FAMILIES_COMPLETE_NO_FORBIDDEN_LOADER_PATHS	MAT-S90	MAT-F20	RERUN_COMPLETE_VERIFICATION	FUTURE_SEPARATE_EXECUTION_AUTHORIZATION_REQUIRED	NOT_AUTHORIZED	STATE_DEFINITION_DOES_NOT_AUTHORIZE_EXECUTION_BYTE_ACQUISITION_ROOT_CREATION_TARGET_WRITE_POPULATION_PUBLICATION_DEPLOYMENT_OR_ACTIVATION
MAT-S90	90	RECEIPT_SEALED	FUTURE_MUTATING	WHOLE_GENERATION_VERIFIED	WRITE_CANONICAL_RECEIPT_AND_RESULT_INDEX	CANONICAL_JSON_SIZE_AT_MOST_1048576_AND_ALL_FIELDS_COMPLETE	MAT-S100	MAT-F20	REGENERATE_ONLY_IN_TX_STAGING_BEFORE_PUBLICATION	FUTURE_SEPARATE_EXECUTION_AUTHORIZATION_REQUIRED	NOT_AUTHORIZED	STATE_DEFINITION_DOES_NOT_AUTHORIZE_EXECUTION_BYTE_ACQUISITION_ROOT_CREATION_TARGET_WRITE_POPULATION_PUBLICATION_DEPLOYMENT_OR_ACTIVATION
MAT-S100	100	GENERATION_PUBLISHED	FUTURE_MUTATING	RECEIPT_SEALED_AND_TREE_FSYNCED	RENAME_STAGING_GENERATION_TO_IMMUTABLE_FINAL_GENERATION	SAME_DEVICE_NOREPLACE_PARENT_FSYNC_AND_FINAL_RECEIPT_MATCH	MAT-S110	MAT-F30	VERIFY_EXISTING_FINAL_GENERATION_AND_CONTINUE_IF_EXACT	FUTURE_SEPARATE_EXECUTION_AUTHORIZATION_REQUIRED	NOT_AUTHORIZED	STATE_DEFINITION_DOES_NOT_AUTHORIZE_EXECUTION_BYTE_ACQUISITION_ROOT_CREATION_TARGET_WRITE_POPULATION_PUBLICATION_DEPLOYMENT_OR_ACTIVATION
MAT-S110	110	SELECTORS_PUBLISHED	FUTURE_MUTATING	FINAL_GENERATION_AND_RECEIPT_VERIFY	PUBLISH_PREVIOUS_THEN_CURRENT_RELATIVE_SELECTORS_BY_TEMP_RENAME	SELECTOR_TARGET_COMPLETE_RELATIVE_AND_PARENT_FSYNC	MAT-S120	MAT-F40	RECOVER_FROM_SELECTOR_JOURNAL_WITHOUT_GENERATION_MUTATION	FUTURE_SEPARATE_EXECUTION_AUTHORIZATION_REQUIRED	NOT_AUTHORIZED	STATE_DEFINITION_DOES_NOT_AUTHORIZE_EXECUTION_BYTE_ACQUISITION_ROOT_CREATION_TARGET_WRITE_POPULATION_PUBLICATION_DEPLOYMENT_OR_ACTIVATION
MAT-S120	120	TRANSACTION_COMPLETE	FUTURE_TERMINAL	SELECTORS_PUBLISHED_AND_POST_INVARIANCE_PASS	WRITE_COMPLETION_RECEIPT_ONLY	CURRENT_TARGET_GENERATION_RECEIPT_REMOTE_AND_PROTECTED_STATE	MAT-S120	MAT-F40	IDEMPOTENT_COMPLETE	FUTURE_SEPARATE_EXECUTION_AUTHORIZATION_REQUIRED	NOT_AUTHORIZED	STATE_DEFINITION_DOES_NOT_AUTHORIZE_EXECUTION_BYTE_ACQUISITION_ROOT_CREATION_TARGET_WRITE_POPULATION_PUBLICATION_DEPLOYMENT_OR_ACTIVATION
MAT-F00	900	DESIGN_OR_AUTHORIZATION_REJECTED	FAILURE_TERMINAL	DESIGN_ACCEPTANCE_OR_EXECUTION_TOKEN_FAILURE	NONE	FAILURE_RECEIPT_METADATA_ONLY	MAT-F00	MAT-F00	NEW_REVIEW_REQUIRED	NONE	NO_AUTHORITY	STATE_DEFINITION_DOES_NOT_AUTHORIZE_EXECUTION_BYTE_ACQUISITION_ROOT_CREATION_TARGET_WRITE_POPULATION_PUBLICATION_DEPLOYMENT_OR_ACTIVATION
MAT-F10	910	FAILED_BEFORE_STAGING	FAILURE_TERMINAL	LOCK_PREFLIGHT_OR_SUPPLY_BINDING_FAILURE	NO_TARGET_OR_STAGING_MUTATION	RELEASE_LOCK_AND_RECORD_FAILURE	MAT-F10	MAT-F10	RERUN_AFTER_CAUSE_FIXED	FUTURE_SEPARATE_EXECUTION_AUTHORIZATION_REQUIRED	NOT_AUTHORIZED	STATE_DEFINITION_DOES_NOT_AUTHORIZE_EXECUTION_BYTE_ACQUISITION_ROOT_CREATION_TARGET_WRITE_POPULATION_PUBLICATION_DEPLOYMENT_OR_ACTIVATION
MAT-F20	920	FAILED_IN_TRANSACTION_STAGING	FAILURE_RECOVERABLE	TX_SCOPED_MUTATION_STARTED_NO_FINAL_GENERATION	PRESERVE_FAILURE_RECEIPT_AND_EXACT_STAGING_FOR_RESUME_OR_QUARANTINE	NO_AUTOMATIC_DELETE_OUTSIDE_EXACT_TRANSACTION_ID	MAT-F20	MAT-F20	RESUME_ONLY_WITH_MATCHING_JOURNAL	FUTURE_SEPARATE_EXECUTION_AUTHORIZATION_REQUIRED	NOT_AUTHORIZED	STATE_DEFINITION_DOES_NOT_AUTHORIZE_EXECUTION_BYTE_ACQUISITION_ROOT_CREATION_TARGET_WRITE_POPULATION_PUBLICATION_DEPLOYMENT_OR_ACTIVATION
MAT-F30	930	FAILED_AFTER_GENERATION_BEFORE_SELECTOR	FAILURE_RECOVERABLE	FINAL_IMMUTABLE_GENERATION_EXISTS_SELECTORS_UNCHANGED	LEAVE_GENERATION_UNSELECTED_AND_REPORT_ORPHAN_GENERATION	VERIFY_RECEIPT_BEFORE_ANY_RESUME	MAT-F30	MAT-F30	RESUME_SELECTOR_PUBLICATION_ONLY	FUTURE_SEPARATE_EXECUTION_AUTHORIZATION_REQUIRED	NOT_AUTHORIZED	STATE_DEFINITION_DOES_NOT_AUTHORIZE_EXECUTION_BYTE_ACQUISITION_ROOT_CREATION_TARGET_WRITE_POPULATION_PUBLICATION_DEPLOYMENT_OR_ACTIVATION
MAT-F40	940	FAILED_DURING_SELECTOR_PUBLICATION	FAILURE_RECOVERABLE	SELECTOR_JOURNAL_EXISTS	DO_NOT_MUTATE_GENERATION_RECONCILE_RELATIVE_SELECTORS_FROM_JOURNAL	CURRENT_ALWAYS_POINTS_TO_COMPLETE_VERIFIED_GENERATION_OR_PREVIOUS_SAFE_TARGET	MAT-F40	MAT-F40	LOCKED_SELECTOR_RECOVERY_ONLY	FUTURE_SEPARATE_EXECUTION_AUTHORIZATION_REQUIRED	NOT_AUTHORIZED	STATE_DEFINITION_DOES_NOT_AUTHORIZE_EXECUTION_BYTE_ACQUISITION_ROOT_CREATION_TARGET_WRITE_POPULATION_PUBLICATION_DEPLOYMENT_OR_ACTIVATION
