coverage_kind	source_id	sequence	implementation_symbol	enforcement_layer	isolated_case	selected_provider_effect	authority_effect
input	LEO-IN-001	1	validate_input_binding	production_orchestration_isolated_fixture_gate	success	ZERO_SELECTED_PROVIDER_OPENS_READS_WRITES_LIVE_AUTHORITY	CANDIDATE_ONLY_SEPARATE_ACCEPTANCE_AND_LIVE_EXECUTION_AUTHORIZATION_REQUIRED
input	LEO-IN-002	2	validate_input_binding	production_orchestration_isolated_fixture_gate	success	ZERO_SELECTED_PROVIDER_OPENS_READS_WRITES_LIVE_AUTHORITY	CANDIDATE_ONLY_SEPARATE_ACCEPTANCE_AND_LIVE_EXECUTION_AUTHORIZATION_REQUIRED
input	LEO-IN-003	3	validate_input_binding	production_orchestration_isolated_fixture_gate	success	ZERO_SELECTED_PROVIDER_OPENS_READS_WRITES_LIVE_AUTHORITY	CANDIDATE_ONLY_SEPARATE_ACCEPTANCE_AND_LIVE_EXECUTION_AUTHORIZATION_REQUIRED
input	LEO-IN-004	4	validate_input_binding	production_orchestration_isolated_fixture_gate	success	ZERO_SELECTED_PROVIDER_OPENS_READS_WRITES_LIVE_AUTHORITY	CANDIDATE_ONLY_SEPARATE_ACCEPTANCE_AND_LIVE_EXECUTION_AUTHORIZATION_REQUIRED
input	LEO-IN-005	5	validate_input_binding	production_orchestration_isolated_fixture_gate	success	ZERO_SELECTED_PROVIDER_OPENS_READS_WRITES_LIVE_AUTHORITY	CANDIDATE_ONLY_SEPARATE_ACCEPTANCE_AND_LIVE_EXECUTION_AUTHORIZATION_REQUIRED
input	LEO-IN-006	6	validate_input_binding	production_orchestration_isolated_fixture_gate	success	ZERO_SELECTED_PROVIDER_OPENS_READS_WRITES_LIVE_AUTHORITY	CANDIDATE_ONLY_SEPARATE_ACCEPTANCE_AND_LIVE_EXECUTION_AUTHORIZATION_REQUIRED
input	LEO-IN-007	7	validate_input_binding	production_orchestration_isolated_fixture_gate	success	ZERO_SELECTED_PROVIDER_OPENS_READS_WRITES_LIVE_AUTHORITY	CANDIDATE_ONLY_SEPARATE_ACCEPTANCE_AND_LIVE_EXECUTION_AUTHORIZATION_REQUIRED
input	LEO-IN-008	8	validate_input_binding	production_orchestration_isolated_fixture_gate	success	ZERO_SELECTED_PROVIDER_OPENS_READS_WRITES_LIVE_AUTHORITY	CANDIDATE_ONLY_SEPARATE_ACCEPTANCE_AND_LIVE_EXECUTION_AUTHORIZATION_REQUIRED
input	LEO-IN-009	9	validate_input_binding	production_orchestration_isolated_fixture_gate	success	ZERO_SELECTED_PROVIDER_OPENS_READS_WRITES_LIVE_AUTHORITY	CANDIDATE_ONLY_SEPARATE_ACCEPTANCE_AND_LIVE_EXECUTION_AUTHORIZATION_REQUIRED
input	LEO-IN-010	10	validate_input_binding	production_orchestration_isolated_fixture_gate	success	ZERO_SELECTED_PROVIDER_OPENS_READS_WRITES_LIVE_AUTHORITY	CANDIDATE_ONLY_SEPARATE_ACCEPTANCE_AND_LIVE_EXECUTION_AUTHORIZATION_REQUIRED
input	LEO-IN-011	11	validate_input_binding	production_orchestration_isolated_fixture_gate	success	ZERO_SELECTED_PROVIDER_OPENS_READS_WRITES_LIVE_AUTHORITY	CANDIDATE_ONLY_SEPARATE_ACCEPTANCE_AND_LIVE_EXECUTION_AUTHORIZATION_REQUIRED
input	LEO-IN-012	12	validate_input_binding	production_orchestration_isolated_fixture_gate	success	ZERO_SELECTED_PROVIDER_OPENS_READS_WRITES_LIVE_AUTHORITY	CANDIDATE_ONLY_SEPARATE_ACCEPTANCE_AND_LIVE_EXECUTION_AUTHORIZATION_REQUIRED
input	LEO-IN-013	13	validate_input_binding	production_orchestration_isolated_fixture_gate	success	ZERO_SELECTED_PROVIDER_OPENS_READS_WRITES_LIVE_AUTHORITY	CANDIDATE_ONLY_SEPARATE_ACCEPTANCE_AND_LIVE_EXECUTION_AUTHORIZATION_REQUIRED
input	LEO-IN-014	14	validate_input_binding	production_orchestration_isolated_fixture_gate	success	ZERO_SELECTED_PROVIDER_OPENS_READS_WRITES_LIVE_AUTHORITY	CANDIDATE_ONLY_SEPARATE_ACCEPTANCE_AND_LIVE_EXECUTION_AUTHORIZATION_REQUIRED
input	LEO-IN-015	15	validate_input_binding	production_orchestration_isolated_fixture_gate	success	ZERO_SELECTED_PROVIDER_OPENS_READS_WRITES_LIVE_AUTHORITY	CANDIDATE_ONLY_SEPARATE_ACCEPTANCE_AND_LIVE_EXECUTION_AUTHORIZATION_REQUIRED
input	LEO-IN-016	16	validate_input_binding	production_orchestration_isolated_fixture_gate	success	ZERO_SELECTED_PROVIDER_OPENS_READS_WRITES_LIVE_AUTHORITY	CANDIDATE_ONLY_SEPARATE_ACCEPTANCE_AND_LIVE_EXECUTION_AUTHORIZATION_REQUIRED
input	LEO-IN-017	17	validate_input_binding	production_orchestration_isolated_fixture_gate	success	ZERO_SELECTED_PROVIDER_OPENS_READS_WRITES_LIVE_AUTHORITY	CANDIDATE_ONLY_SEPARATE_ACCEPTANCE_AND_LIVE_EXECUTION_AUTHORIZATION_REQUIRED
input	LEO-IN-018	18	validate_input_binding	production_orchestration_isolated_fixture_gate	success	ZERO_SELECTED_PROVIDER_OPENS_READS_WRITES_LIVE_AUTHORITY	CANDIDATE_ONLY_SEPARATE_ACCEPTANCE_AND_LIVE_EXECUTION_AUTHORIZATION_REQUIRED
state	LEO-STATE-001	1	advance_fail_closed_state	production_orchestration_isolated_fixture_gate	success	ZERO_SELECTED_PROVIDER_OPENS_READS_WRITES_LIVE_AUTHORITY	CANDIDATE_ONLY_SEPARATE_ACCEPTANCE_AND_LIVE_EXECUTION_AUTHORIZATION_REQUIRED
state	LEO-STATE-002	2	advance_fail_closed_state	production_orchestration_isolated_fixture_gate	success	ZERO_SELECTED_PROVIDER_OPENS_READS_WRITES_LIVE_AUTHORITY	CANDIDATE_ONLY_SEPARATE_ACCEPTANCE_AND_LIVE_EXECUTION_AUTHORIZATION_REQUIRED
state	LEO-STATE-003	3	advance_fail_closed_state	production_orchestration_isolated_fixture_gate	success	ZERO_SELECTED_PROVIDER_OPENS_READS_WRITES_LIVE_AUTHORITY	CANDIDATE_ONLY_SEPARATE_ACCEPTANCE_AND_LIVE_EXECUTION_AUTHORIZATION_REQUIRED
state	LEO-STATE-004	4	advance_fail_closed_state	production_orchestration_isolated_fixture_gate	success	ZERO_SELECTED_PROVIDER_OPENS_READS_WRITES_LIVE_AUTHORITY	CANDIDATE_ONLY_SEPARATE_ACCEPTANCE_AND_LIVE_EXECUTION_AUTHORIZATION_REQUIRED
state	LEO-STATE-005	5	advance_fail_closed_state	production_orchestration_isolated_fixture_gate	success	ZERO_SELECTED_PROVIDER_OPENS_READS_WRITES_LIVE_AUTHORITY	CANDIDATE_ONLY_SEPARATE_ACCEPTANCE_AND_LIVE_EXECUTION_AUTHORIZATION_REQUIRED
state	LEO-STATE-006	6	advance_fail_closed_state	production_orchestration_isolated_fixture_gate	success	ZERO_SELECTED_PROVIDER_OPENS_READS_WRITES_LIVE_AUTHORITY	CANDIDATE_ONLY_SEPARATE_ACCEPTANCE_AND_LIVE_EXECUTION_AUTHORIZATION_REQUIRED
state	LEO-STATE-007	7	advance_fail_closed_state	production_orchestration_isolated_fixture_gate	success	ZERO_SELECTED_PROVIDER_OPENS_READS_WRITES_LIVE_AUTHORITY	CANDIDATE_ONLY_SEPARATE_ACCEPTANCE_AND_LIVE_EXECUTION_AUTHORIZATION_REQUIRED
state	LEO-STATE-008	8	advance_fail_closed_state	production_orchestration_isolated_fixture_gate	success	ZERO_SELECTED_PROVIDER_OPENS_READS_WRITES_LIVE_AUTHORITY	CANDIDATE_ONLY_SEPARATE_ACCEPTANCE_AND_LIVE_EXECUTION_AUTHORIZATION_REQUIRED
state	LEO-STATE-009	9	advance_fail_closed_state	production_orchestration_isolated_fixture_gate	success	ZERO_SELECTED_PROVIDER_OPENS_READS_WRITES_LIVE_AUTHORITY	CANDIDATE_ONLY_SEPARATE_ACCEPTANCE_AND_LIVE_EXECUTION_AUTHORIZATION_REQUIRED
state	LEO-STATE-010	10	advance_fail_closed_state	production_orchestration_isolated_fixture_gate	success	ZERO_SELECTED_PROVIDER_OPENS_READS_WRITES_LIVE_AUTHORITY	CANDIDATE_ONLY_SEPARATE_ACCEPTANCE_AND_LIVE_EXECUTION_AUTHORIZATION_REQUIRED
state	LEO-STATE-011	11	advance_fail_closed_state	production_orchestration_isolated_fixture_gate	success	ZERO_SELECTED_PROVIDER_OPENS_READS_WRITES_LIVE_AUTHORITY	CANDIDATE_ONLY_SEPARATE_ACCEPTANCE_AND_LIVE_EXECUTION_AUTHORIZATION_REQUIRED
state	LEO-STATE-012	12	advance_fail_closed_state	production_orchestration_isolated_fixture_gate	success	ZERO_SELECTED_PROVIDER_OPENS_READS_WRITES_LIVE_AUTHORITY	CANDIDATE_ONLY_SEPARATE_ACCEPTANCE_AND_LIVE_EXECUTION_AUTHORIZATION_REQUIRED
state	LEO-STATE-013	13	advance_fail_closed_state	production_orchestration_isolated_fixture_gate	success	ZERO_SELECTED_PROVIDER_OPENS_READS_WRITES_LIVE_AUTHORITY	CANDIDATE_ONLY_SEPARATE_ACCEPTANCE_AND_LIVE_EXECUTION_AUTHORIZATION_REQUIRED
state	LEO-STATE-014	14	advance_fail_closed_state	production_orchestration_isolated_fixture_gate	success	ZERO_SELECTED_PROVIDER_OPENS_READS_WRITES_LIVE_AUTHORITY	CANDIDATE_ONLY_SEPARATE_ACCEPTANCE_AND_LIVE_EXECUTION_AUTHORIZATION_REQUIRED
state	LEO-STATE-015	15	advance_fail_closed_state	production_orchestration_isolated_fixture_gate	success	ZERO_SELECTED_PROVIDER_OPENS_READS_WRITES_LIVE_AUTHORITY	CANDIDATE_ONLY_SEPARATE_ACCEPTANCE_AND_LIVE_EXECUTION_AUTHORIZATION_REQUIRED
state	LEO-STATE-016	16	advance_fail_closed_state	production_orchestration_isolated_fixture_gate	success	ZERO_SELECTED_PROVIDER_OPENS_READS_WRITES_LIVE_AUTHORITY	CANDIDATE_ONLY_SEPARATE_ACCEPTANCE_AND_LIVE_EXECUTION_AUTHORIZATION_REQUIRED
state	LEO-STATE-017	17	advance_fail_closed_state	production_orchestration_isolated_fixture_gate	success	ZERO_SELECTED_PROVIDER_OPENS_READS_WRITES_LIVE_AUTHORITY	CANDIDATE_ONLY_SEPARATE_ACCEPTANCE_AND_LIVE_EXECUTION_AUTHORIZATION_REQUIRED
state	LEO-STATE-018	18	advance_fail_closed_state	production_orchestration_isolated_fixture_gate	success	ZERO_SELECTED_PROVIDER_OPENS_READS_WRITES_LIVE_AUTHORITY	CANDIDATE_ONLY_SEPARATE_ACCEPTANCE_AND_LIVE_EXECUTION_AUTHORIZATION_REQUIRED
state	LEO-STATE-019	19	advance_fail_closed_state	production_orchestration_isolated_fixture_gate	success	ZERO_SELECTED_PROVIDER_OPENS_READS_WRITES_LIVE_AUTHORITY	CANDIDATE_ONLY_SEPARATE_ACCEPTANCE_AND_LIVE_EXECUTION_AUTHORIZATION_REQUIRED
state	LEO-STATE-020	20	advance_fail_closed_state	production_orchestration_isolated_fixture_gate	success	ZERO_SELECTED_PROVIDER_OPENS_READS_WRITES_LIVE_AUTHORITY	CANDIDATE_ONLY_SEPARATE_ACCEPTANCE_AND_LIVE_EXECUTION_AUTHORIZATION_REQUIRED
state	LEO-STATE-021	21	advance_fail_closed_state	production_orchestration_isolated_fixture_gate	success	ZERO_SELECTED_PROVIDER_OPENS_READS_WRITES_LIVE_AUTHORITY	CANDIDATE_ONLY_SEPARATE_ACCEPTANCE_AND_LIVE_EXECUTION_AUTHORIZATION_REQUIRED
state	LEO-STATE-022	22	advance_fail_closed_state	production_orchestration_isolated_fixture_gate	success	ZERO_SELECTED_PROVIDER_OPENS_READS_WRITES_LIVE_AUTHORITY	CANDIDATE_ONLY_SEPARATE_ACCEPTANCE_AND_LIVE_EXECUTION_AUTHORIZATION_REQUIRED
state	LEO-STATE-023	23	advance_fail_closed_state	production_orchestration_isolated_fixture_gate	success	ZERO_SELECTED_PROVIDER_OPENS_READS_WRITES_LIVE_AUTHORITY	CANDIDATE_ONLY_SEPARATE_ACCEPTANCE_AND_LIVE_EXECUTION_AUTHORIZATION_REQUIRED
state	LEO-STATE-024	24	advance_fail_closed_state	production_orchestration_isolated_fixture_gate	success	ZERO_SELECTED_PROVIDER_OPENS_READS_WRITES_LIVE_AUTHORITY	CANDIDATE_ONLY_SEPARATE_ACCEPTANCE_AND_LIVE_EXECUTION_AUTHORIZATION_REQUIRED
operation	LEO-OP-001	1	execute_ordered_orchestration_operation	production_orchestration_isolated_fixture_gate	success	ZERO_SELECTED_PROVIDER_OPENS_READS_WRITES_LIVE_AUTHORITY	CANDIDATE_ONLY_SEPARATE_ACCEPTANCE_AND_LIVE_EXECUTION_AUTHORIZATION_REQUIRED
operation	LEO-OP-002	2	execute_ordered_orchestration_operation	production_orchestration_isolated_fixture_gate	success	ZERO_SELECTED_PROVIDER_OPENS_READS_WRITES_LIVE_AUTHORITY	CANDIDATE_ONLY_SEPARATE_ACCEPTANCE_AND_LIVE_EXECUTION_AUTHORIZATION_REQUIRED
operation	LEO-OP-003	3	execute_ordered_orchestration_operation	production_orchestration_isolated_fixture_gate	success	ZERO_SELECTED_PROVIDER_OPENS_READS_WRITES_LIVE_AUTHORITY	CANDIDATE_ONLY_SEPARATE_ACCEPTANCE_AND_LIVE_EXECUTION_AUTHORIZATION_REQUIRED
operation	LEO-OP-004	4	execute_ordered_orchestration_operation	production_orchestration_isolated_fixture_gate	success	ZERO_SELECTED_PROVIDER_OPENS_READS_WRITES_LIVE_AUTHORITY	CANDIDATE_ONLY_SEPARATE_ACCEPTANCE_AND_LIVE_EXECUTION_AUTHORIZATION_REQUIRED
operation	LEO-OP-005	5	execute_ordered_orchestration_operation	production_orchestration_isolated_fixture_gate	success	ZERO_SELECTED_PROVIDER_OPENS_READS_WRITES_LIVE_AUTHORITY	CANDIDATE_ONLY_SEPARATE_ACCEPTANCE_AND_LIVE_EXECUTION_AUTHORIZATION_REQUIRED
operation	LEO-OP-006	6	execute_ordered_orchestration_operation	production_orchestration_isolated_fixture_gate	success	ZERO_SELECTED_PROVIDER_OPENS_READS_WRITES_LIVE_AUTHORITY	CANDIDATE_ONLY_SEPARATE_ACCEPTANCE_AND_LIVE_EXECUTION_AUTHORIZATION_REQUIRED
operation	LEO-OP-007	7	execute_ordered_orchestration_operation	production_orchestration_isolated_fixture_gate	success	ZERO_SELECTED_PROVIDER_OPENS_READS_WRITES_LIVE_AUTHORITY	CANDIDATE_ONLY_SEPARATE_ACCEPTANCE_AND_LIVE_EXECUTION_AUTHORIZATION_REQUIRED
operation	LEO-OP-008	8	execute_ordered_orchestration_operation	production_orchestration_isolated_fixture_gate	success	ZERO_SELECTED_PROVIDER_OPENS_READS_WRITES_LIVE_AUTHORITY	CANDIDATE_ONLY_SEPARATE_ACCEPTANCE_AND_LIVE_EXECUTION_AUTHORIZATION_REQUIRED
operation	LEO-OP-009	9	execute_ordered_orchestration_operation	production_orchestration_isolated_fixture_gate	success	ZERO_SELECTED_PROVIDER_OPENS_READS_WRITES_LIVE_AUTHORITY	CANDIDATE_ONLY_SEPARATE_ACCEPTANCE_AND_LIVE_EXECUTION_AUTHORIZATION_REQUIRED
operation	LEO-OP-010	10	execute_ordered_orchestration_operation	production_orchestration_isolated_fixture_gate	success	ZERO_SELECTED_PROVIDER_OPENS_READS_WRITES_LIVE_AUTHORITY	CANDIDATE_ONLY_SEPARATE_ACCEPTANCE_AND_LIVE_EXECUTION_AUTHORIZATION_REQUIRED
operation	LEO-OP-011	11	execute_ordered_orchestration_operation	production_orchestration_isolated_fixture_gate	success	ZERO_SELECTED_PROVIDER_OPENS_READS_WRITES_LIVE_AUTHORITY	CANDIDATE_ONLY_SEPARATE_ACCEPTANCE_AND_LIVE_EXECUTION_AUTHORIZATION_REQUIRED
operation	LEO-OP-012	12	execute_ordered_orchestration_operation	production_orchestration_isolated_fixture_gate	success	ZERO_SELECTED_PROVIDER_OPENS_READS_WRITES_LIVE_AUTHORITY	CANDIDATE_ONLY_SEPARATE_ACCEPTANCE_AND_LIVE_EXECUTION_AUTHORIZATION_REQUIRED
operation	LEO-OP-013	13	execute_ordered_orchestration_operation	production_orchestration_isolated_fixture_gate	success	ZERO_SELECTED_PROVIDER_OPENS_READS_WRITES_LIVE_AUTHORITY	CANDIDATE_ONLY_SEPARATE_ACCEPTANCE_AND_LIVE_EXECUTION_AUTHORIZATION_REQUIRED
operation	LEO-OP-014	14	execute_ordered_orchestration_operation	production_orchestration_isolated_fixture_gate	success	ZERO_SELECTED_PROVIDER_OPENS_READS_WRITES_LIVE_AUTHORITY	CANDIDATE_ONLY_SEPARATE_ACCEPTANCE_AND_LIVE_EXECUTION_AUTHORIZATION_REQUIRED
operation	LEO-OP-015	15	execute_ordered_orchestration_operation	production_orchestration_isolated_fixture_gate	success	ZERO_SELECTED_PROVIDER_OPENS_READS_WRITES_LIVE_AUTHORITY	CANDIDATE_ONLY_SEPARATE_ACCEPTANCE_AND_LIVE_EXECUTION_AUTHORIZATION_REQUIRED
operation	LEO-OP-016	16	execute_ordered_orchestration_operation	production_orchestration_isolated_fixture_gate	success	ZERO_SELECTED_PROVIDER_OPENS_READS_WRITES_LIVE_AUTHORITY	CANDIDATE_ONLY_SEPARATE_ACCEPTANCE_AND_LIVE_EXECUTION_AUTHORIZATION_REQUIRED
operation	LEO-OP-017	17	execute_ordered_orchestration_operation	production_orchestration_isolated_fixture_gate	success	ZERO_SELECTED_PROVIDER_OPENS_READS_WRITES_LIVE_AUTHORITY	CANDIDATE_ONLY_SEPARATE_ACCEPTANCE_AND_LIVE_EXECUTION_AUTHORIZATION_REQUIRED
operation	LEO-OP-018	18	execute_ordered_orchestration_operation	production_orchestration_isolated_fixture_gate	success	ZERO_SELECTED_PROVIDER_OPENS_READS_WRITES_LIVE_AUTHORITY	CANDIDATE_ONLY_SEPARATE_ACCEPTANCE_AND_LIVE_EXECUTION_AUTHORIZATION_REQUIRED
operation	LEO-OP-019	19	execute_ordered_orchestration_operation	production_orchestration_isolated_fixture_gate	success	ZERO_SELECTED_PROVIDER_OPENS_READS_WRITES_LIVE_AUTHORITY	CANDIDATE_ONLY_SEPARATE_ACCEPTANCE_AND_LIVE_EXECUTION_AUTHORIZATION_REQUIRED
operation	LEO-OP-020	20	execute_ordered_orchestration_operation	production_orchestration_isolated_fixture_gate	success	ZERO_SELECTED_PROVIDER_OPENS_READS_WRITES_LIVE_AUTHORITY	CANDIDATE_ONLY_SEPARATE_ACCEPTANCE_AND_LIVE_EXECUTION_AUTHORIZATION_REQUIRED
operation	LEO-OP-021	21	execute_ordered_orchestration_operation	production_orchestration_isolated_fixture_gate	success	ZERO_SELECTED_PROVIDER_OPENS_READS_WRITES_LIVE_AUTHORITY	CANDIDATE_ONLY_SEPARATE_ACCEPTANCE_AND_LIVE_EXECUTION_AUTHORIZATION_REQUIRED
operation	LEO-OP-022	22	execute_ordered_orchestration_operation	production_orchestration_isolated_fixture_gate	success	ZERO_SELECTED_PROVIDER_OPENS_READS_WRITES_LIVE_AUTHORITY	CANDIDATE_ONLY_SEPARATE_ACCEPTANCE_AND_LIVE_EXECUTION_AUTHORIZATION_REQUIRED
operation	LEO-OP-023	23	execute_ordered_orchestration_operation	production_orchestration_isolated_fixture_gate	success	ZERO_SELECTED_PROVIDER_OPENS_READS_WRITES_LIVE_AUTHORITY	CANDIDATE_ONLY_SEPARATE_ACCEPTANCE_AND_LIVE_EXECUTION_AUTHORIZATION_REQUIRED
operation	LEO-OP-024	24	execute_ordered_orchestration_operation	production_orchestration_isolated_fixture_gate	success	ZERO_SELECTED_PROVIDER_OPENS_READS_WRITES_LIVE_AUTHORITY	CANDIDATE_ONLY_SEPARATE_ACCEPTANCE_AND_LIVE_EXECUTION_AUTHORIZATION_REQUIRED
operation	LEO-OP-025	25	execute_ordered_orchestration_operation	production_orchestration_isolated_fixture_gate	success	ZERO_SELECTED_PROVIDER_OPENS_READS_WRITES_LIVE_AUTHORITY	CANDIDATE_ONLY_SEPARATE_ACCEPTANCE_AND_LIVE_EXECUTION_AUTHORIZATION_REQUIRED
operation	LEO-OP-026	26	execute_ordered_orchestration_operation	production_orchestration_isolated_fixture_gate	success	ZERO_SELECTED_PROVIDER_OPENS_READS_WRITES_LIVE_AUTHORITY	CANDIDATE_ONLY_SEPARATE_ACCEPTANCE_AND_LIVE_EXECUTION_AUTHORIZATION_REQUIRED
operation	LEO-OP-027	27	execute_ordered_orchestration_operation	production_orchestration_isolated_fixture_gate	success	ZERO_SELECTED_PROVIDER_OPENS_READS_WRITES_LIVE_AUTHORITY	CANDIDATE_ONLY_SEPARATE_ACCEPTANCE_AND_LIVE_EXECUTION_AUTHORIZATION_REQUIRED
operation	LEO-OP-028	28	execute_ordered_orchestration_operation	production_orchestration_isolated_fixture_gate	success	ZERO_SELECTED_PROVIDER_OPENS_READS_WRITES_LIVE_AUTHORITY	CANDIDATE_ONLY_SEPARATE_ACCEPTANCE_AND_LIVE_EXECUTION_AUTHORIZATION_REQUIRED
operation	LEO-OP-029	29	execute_ordered_orchestration_operation	production_orchestration_isolated_fixture_gate	success	ZERO_SELECTED_PROVIDER_OPENS_READS_WRITES_LIVE_AUTHORITY	CANDIDATE_ONLY_SEPARATE_ACCEPTANCE_AND_LIVE_EXECUTION_AUTHORIZATION_REQUIRED
operation	LEO-OP-030	30	execute_ordered_orchestration_operation	production_orchestration_isolated_fixture_gate	success	ZERO_SELECTED_PROVIDER_OPENS_READS_WRITES_LIVE_AUTHORITY	CANDIDATE_ONLY_SEPARATE_ACCEPTANCE_AND_LIVE_EXECUTION_AUTHORIZATION_REQUIRED
operation	LEO-OP-031	31	execute_ordered_orchestration_operation	production_orchestration_isolated_fixture_gate	success	ZERO_SELECTED_PROVIDER_OPENS_READS_WRITES_LIVE_AUTHORITY	CANDIDATE_ONLY_SEPARATE_ACCEPTANCE_AND_LIVE_EXECUTION_AUTHORIZATION_REQUIRED
operation	LEO-OP-032	32	execute_ordered_orchestration_operation	production_orchestration_isolated_fixture_gate	success	ZERO_SELECTED_PROVIDER_OPENS_READS_WRITES_LIVE_AUTHORITY	CANDIDATE_ONLY_SEPARATE_ACCEPTANCE_AND_LIVE_EXECUTION_AUTHORIZATION_REQUIRED
operation	LEO-OP-033	33	execute_ordered_orchestration_operation	production_orchestration_isolated_fixture_gate	success	ZERO_SELECTED_PROVIDER_OPENS_READS_WRITES_LIVE_AUTHORITY	CANDIDATE_ONLY_SEPARATE_ACCEPTANCE_AND_LIVE_EXECUTION_AUTHORIZATION_REQUIRED
operation	LEO-OP-034	34	execute_ordered_orchestration_operation	production_orchestration_isolated_fixture_gate	success	ZERO_SELECTED_PROVIDER_OPENS_READS_WRITES_LIVE_AUTHORITY	CANDIDATE_ONLY_SEPARATE_ACCEPTANCE_AND_LIVE_EXECUTION_AUTHORIZATION_REQUIRED
operation	LEO-OP-035	35	execute_ordered_orchestration_operation	production_orchestration_isolated_fixture_gate	success	ZERO_SELECTED_PROVIDER_OPENS_READS_WRITES_LIVE_AUTHORITY	CANDIDATE_ONLY_SEPARATE_ACCEPTANCE_AND_LIVE_EXECUTION_AUTHORIZATION_REQUIRED
operation	LEO-OP-036	36	execute_ordered_orchestration_operation	production_orchestration_isolated_fixture_gate	success	ZERO_SELECTED_PROVIDER_OPENS_READS_WRITES_LIVE_AUTHORITY	CANDIDATE_ONLY_SEPARATE_ACCEPTANCE_AND_LIVE_EXECUTION_AUTHORIZATION_REQUIRED
operation	LEO-OP-037	37	execute_ordered_orchestration_operation	production_orchestration_isolated_fixture_gate	success	ZERO_SELECTED_PROVIDER_OPENS_READS_WRITES_LIVE_AUTHORITY	CANDIDATE_ONLY_SEPARATE_ACCEPTANCE_AND_LIVE_EXECUTION_AUTHORIZATION_REQUIRED
operation	LEO-OP-038	38	execute_ordered_orchestration_operation	production_orchestration_isolated_fixture_gate	success	ZERO_SELECTED_PROVIDER_OPENS_READS_WRITES_LIVE_AUTHORITY	CANDIDATE_ONLY_SEPARATE_ACCEPTANCE_AND_LIVE_EXECUTION_AUTHORIZATION_REQUIRED
operation	LEO-OP-039	39	execute_ordered_orchestration_operation	production_orchestration_isolated_fixture_gate	success	ZERO_SELECTED_PROVIDER_OPENS_READS_WRITES_LIVE_AUTHORITY	CANDIDATE_ONLY_SEPARATE_ACCEPTANCE_AND_LIVE_EXECUTION_AUTHORIZATION_REQUIRED
operation	LEO-OP-040	40	execute_ordered_orchestration_operation	production_orchestration_isolated_fixture_gate	success	ZERO_SELECTED_PROVIDER_OPENS_READS_WRITES_LIVE_AUTHORITY	CANDIDATE_ONLY_SEPARATE_ACCEPTANCE_AND_LIVE_EXECUTION_AUTHORIZATION_REQUIRED
operation	LEO-OP-041	41	execute_ordered_orchestration_operation	production_orchestration_isolated_fixture_gate	success	ZERO_SELECTED_PROVIDER_OPENS_READS_WRITES_LIVE_AUTHORITY	CANDIDATE_ONLY_SEPARATE_ACCEPTANCE_AND_LIVE_EXECUTION_AUTHORIZATION_REQUIRED
operation	LEO-OP-042	42	execute_ordered_orchestration_operation	production_orchestration_isolated_fixture_gate	success	ZERO_SELECTED_PROVIDER_OPENS_READS_WRITES_LIVE_AUTHORITY	CANDIDATE_ONLY_SEPARATE_ACCEPTANCE_AND_LIVE_EXECUTION_AUTHORIZATION_REQUIRED
operation	LEO-OP-043	43	execute_ordered_orchestration_operation	production_orchestration_isolated_fixture_gate	success	ZERO_SELECTED_PROVIDER_OPENS_READS_WRITES_LIVE_AUTHORITY	CANDIDATE_ONLY_SEPARATE_ACCEPTANCE_AND_LIVE_EXECUTION_AUTHORIZATION_REQUIRED
operation	LEO-OP-044	44	execute_ordered_orchestration_operation	production_orchestration_isolated_fixture_gate	success	ZERO_SELECTED_PROVIDER_OPENS_READS_WRITES_LIVE_AUTHORITY	CANDIDATE_ONLY_SEPARATE_ACCEPTANCE_AND_LIVE_EXECUTION_AUTHORIZATION_REQUIRED
operation	LEO-OP-045	45	execute_ordered_orchestration_operation	production_orchestration_isolated_fixture_gate	success	ZERO_SELECTED_PROVIDER_OPENS_READS_WRITES_LIVE_AUTHORITY	CANDIDATE_ONLY_SEPARATE_ACCEPTANCE_AND_LIVE_EXECUTION_AUTHORIZATION_REQUIRED
operation	LEO-OP-046	46	execute_ordered_orchestration_operation	production_orchestration_isolated_fixture_gate	success	ZERO_SELECTED_PROVIDER_OPENS_READS_WRITES_LIVE_AUTHORITY	CANDIDATE_ONLY_SEPARATE_ACCEPTANCE_AND_LIVE_EXECUTION_AUTHORIZATION_REQUIRED
operation	LEO-OP-047	47	execute_ordered_orchestration_operation	production_orchestration_isolated_fixture_gate	success	ZERO_SELECTED_PROVIDER_OPENS_READS_WRITES_LIVE_AUTHORITY	CANDIDATE_ONLY_SEPARATE_ACCEPTANCE_AND_LIVE_EXECUTION_AUTHORIZATION_REQUIRED
operation	LEO-OP-048	48	execute_ordered_orchestration_operation	production_orchestration_isolated_fixture_gate	success	ZERO_SELECTED_PROVIDER_OPENS_READS_WRITES_LIVE_AUTHORITY	CANDIDATE_ONLY_SEPARATE_ACCEPTANCE_AND_LIVE_EXECUTION_AUTHORIZATION_REQUIRED
failure	LEO-FAIL-001	1	reject_and_close_without_live_authority	production_orchestration_isolated_fixture_gate	acceptance-binding-mismatch	ZERO_SELECTED_PROVIDER_OPENS_READS_WRITES_LIVE_AUTHORITY	CANDIDATE_ONLY_SEPARATE_ACCEPTANCE_AND_LIVE_EXECUTION_AUTHORIZATION_REQUIRED
failure	LEO-FAIL-002	2	reject_and_close_without_live_authority	production_orchestration_isolated_fixture_gate	owner-decision-noncanonical	ZERO_SELECTED_PROVIDER_OPENS_READS_WRITES_LIVE_AUTHORITY	CANDIDATE_ONLY_SEPARATE_ACCEPTANCE_AND_LIVE_EXECUTION_AUTHORIZATION_REQUIRED
failure	LEO-FAIL-003	3	reject_and_close_without_live_authority	production_orchestration_isolated_fixture_gate	token-claim-gap	ZERO_SELECTED_PROVIDER_OPENS_READS_WRITES_LIVE_AUTHORITY	CANDIDATE_ONLY_SEPARATE_ACCEPTANCE_AND_LIVE_EXECUTION_AUTHORIZATION_REQUIRED
failure	LEO-FAIL-004	4	reject_and_close_without_live_authority	production_orchestration_isolated_fixture_gate	coordinate-row-count	ZERO_SELECTED_PROVIDER_OPENS_READS_WRITES_LIVE_AUTHORITY	CANDIDATE_ONLY_SEPARATE_ACCEPTANCE_AND_LIVE_EXECUTION_AUTHORIZATION_REQUIRED
failure	LEO-FAIL-005	5	reject_and_close_without_live_authority	production_orchestration_isolated_fixture_gate	revocation-epoch-mismatch	ZERO_SELECTED_PROVIDER_OPENS_READS_WRITES_LIVE_AUTHORITY	CANDIDATE_ONLY_SEPARATE_ACCEPTANCE_AND_LIVE_EXECUTION_AUTHORIZATION_REQUIRED
failure	LEO-FAIL-006	6	reject_and_close_without_live_authority	production_orchestration_isolated_fixture_gate	repository-head-mismatch	ZERO_SELECTED_PROVIDER_OPENS_READS_WRITES_LIVE_AUTHORITY	CANDIDATE_ONLY_SEPARATE_ACCEPTANCE_AND_LIVE_EXECUTION_AUTHORIZATION_REQUIRED
failure	LEO-FAIL-007	7	reject_and_close_without_live_authority	production_orchestration_isolated_fixture_gate	repository-tree-mismatch	ZERO_SELECTED_PROVIDER_OPENS_READS_WRITES_LIVE_AUTHORITY	CANDIDATE_ONLY_SEPARATE_ACCEPTANCE_AND_LIVE_EXECUTION_AUTHORIZATION_REQUIRED
failure	LEO-FAIL-008	8	reject_and_close_without_live_authority	production_orchestration_isolated_fixture_gate	remote-head-mismatch	ZERO_SELECTED_PROVIDER_OPENS_READS_WRITES_LIVE_AUTHORITY	CANDIDATE_ONLY_SEPARATE_ACCEPTANCE_AND_LIVE_EXECUTION_AUTHORIZATION_REQUIRED
failure	LEO-FAIL-009	9	reject_and_close_without_live_authority	production_orchestration_isolated_fixture_gate	executor-uid-mismatch	ZERO_SELECTED_PROVIDER_OPENS_READS_WRITES_LIVE_AUTHORITY	CANDIDATE_ONLY_SEPARATE_ACCEPTANCE_AND_LIVE_EXECUTION_AUTHORIZATION_REQUIRED
failure	LEO-FAIL-010	10	reject_and_close_without_live_authority	production_orchestration_isolated_fixture_gate	time-window-invalid	ZERO_SELECTED_PROVIDER_OPENS_READS_WRITES_LIVE_AUTHORITY	CANDIDATE_ONLY_SEPARATE_ACCEPTANCE_AND_LIVE_EXECUTION_AUTHORIZATION_REQUIRED
failure	LEO-FAIL-011	11	reject_and_close_without_live_authority	production_orchestration_isolated_fixture_gate	output-root-invalid	ZERO_SELECTED_PROVIDER_OPENS_READS_WRITES_LIVE_AUTHORITY	CANDIDATE_ONLY_SEPARATE_ACCEPTANCE_AND_LIVE_EXECUTION_AUTHORIZATION_REQUIRED
failure	LEO-FAIL-012	12	reject_and_close_without_live_authority	production_orchestration_isolated_fixture_gate	replay-already-consumed	ZERO_SELECTED_PROVIDER_OPENS_READS_WRITES_LIVE_AUTHORITY	CANDIDATE_ONLY_SEPARATE_ACCEPTANCE_AND_LIVE_EXECUTION_AUTHORIZATION_REQUIRED
failure	LEO-FAIL-013	13	reject_and_close_without_live_authority	production_orchestration_isolated_fixture_gate	adapter-envelope-digest	ZERO_SELECTED_PROVIDER_OPENS_READS_WRITES_LIVE_AUTHORITY	CANDIDATE_ONLY_SEPARATE_ACCEPTANCE_AND_LIVE_EXECUTION_AUTHORIZATION_REQUIRED
failure	LEO-FAIL-014	14	reject_and_close_without_live_authority	production_orchestration_isolated_fixture_gate	execution-authorization-digest	ZERO_SELECTED_PROVIDER_OPENS_READS_WRITES_LIVE_AUTHORITY	CANDIDATE_ONLY_SEPARATE_ACCEPTANCE_AND_LIVE_EXECUTION_AUTHORIZATION_REQUIRED
failure	LEO-FAIL-015	15	reject_and_close_without_live_authority	production_orchestration_isolated_fixture_gate	execution-effect-widening	ZERO_SELECTED_PROVIDER_OPENS_READS_WRITES_LIVE_AUTHORITY	CANDIDATE_ONLY_SEPARATE_ACCEPTANCE_AND_LIVE_EXECUTION_AUTHORIZATION_REQUIRED
failure	LEO-FAIL-016	16	reject_and_close_without_live_authority	production_orchestration_isolated_fixture_gate	live-to-synthetic-rewrite	ZERO_SELECTED_PROVIDER_OPENS_READS_WRITES_LIVE_AUTHORITY	CANDIDATE_ONLY_SEPARATE_ACCEPTANCE_AND_LIVE_EXECUTION_AUTHORIZATION_REQUIRED
failure	LEO-FAIL-017	17	reject_and_close_without_live_authority	production_orchestration_isolated_fixture_gate	selected-provider-path	ZERO_SELECTED_PROVIDER_OPENS_READS_WRITES_LIVE_AUTHORITY	CANDIDATE_ONLY_SEPARATE_ACCEPTANCE_AND_LIVE_EXECUTION_AUTHORIZATION_REQUIRED
failure	LEO-FAIL-018	18	reject_and_close_without_live_authority	production_orchestration_isolated_fixture_gate	symlink-component	ZERO_SELECTED_PROVIDER_OPENS_READS_WRITES_LIVE_AUTHORITY	CANDIDATE_ONLY_SEPARATE_ACCEPTANCE_AND_LIVE_EXECUTION_AUTHORIZATION_REQUIRED
failure	LEO-FAIL-019	19	reject_and_close_without_live_authority	production_orchestration_isolated_fixture_gate	non-regular-file	ZERO_SELECTED_PROVIDER_OPENS_READS_WRITES_LIVE_AUTHORITY	CANDIDATE_ONLY_SEPARATE_ACCEPTANCE_AND_LIVE_EXECUTION_AUTHORIZATION_REQUIRED
failure	LEO-FAIL-020	20	reject_and_close_without_live_authority	production_orchestration_isolated_fixture_gate	owner-mismatch	ZERO_SELECTED_PROVIDER_OPENS_READS_WRITES_LIVE_AUTHORITY	CANDIDATE_ONLY_SEPARATE_ACCEPTANCE_AND_LIVE_EXECUTION_AUTHORIZATION_REQUIRED
failure	LEO-FAIL-021	21	reject_and_close_without_live_authority	production_orchestration_isolated_fixture_gate	writable-mode	ZERO_SELECTED_PROVIDER_OPENS_READS_WRITES_LIVE_AUTHORITY	CANDIDATE_ONLY_SEPARATE_ACCEPTANCE_AND_LIVE_EXECUTION_AUTHORIZATION_REQUIRED
failure	LEO-FAIL-022	22	reject_and_close_without_live_authority	production_orchestration_isolated_fixture_gate	size-mismatch	ZERO_SELECTED_PROVIDER_OPENS_READS_WRITES_LIVE_AUTHORITY	CANDIDATE_ONLY_SEPARATE_ACCEPTANCE_AND_LIVE_EXECUTION_AUTHORIZATION_REQUIRED
failure	LEO-FAIL-023	23	reject_and_close_without_live_authority	production_orchestration_isolated_fixture_gate	sha256-mismatch	ZERO_SELECTED_PROVIDER_OPENS_READS_WRITES_LIVE_AUTHORITY	CANDIDATE_ONLY_SEPARATE_ACCEPTANCE_AND_LIVE_EXECUTION_AUTHORIZATION_REQUIRED
failure	LEO-FAIL-024	24	reject_and_close_without_live_authority	production_orchestration_isolated_fixture_gate	elf-identity-mismatch	ZERO_SELECTED_PROVIDER_OPENS_READS_WRITES_LIVE_AUTHORITY	CANDIDATE_ONLY_SEPARATE_ACCEPTANCE_AND_LIVE_EXECUTION_AUTHORIZATION_REQUIRED
failure	LEO-FAIL-025	25	reject_and_close_without_live_authority	production_orchestration_isolated_fixture_gate	soname-mismatch	ZERO_SELECTED_PROVIDER_OPENS_READS_WRITES_LIVE_AUTHORITY	CANDIDATE_ONLY_SEPARATE_ACCEPTANCE_AND_LIVE_EXECUTION_AUTHORIZATION_REQUIRED
failure	LEO-FAIL-026	26	reject_and_close_without_live_authority	production_orchestration_isolated_fixture_gate	stability-mismatch	ZERO_SELECTED_PROVIDER_OPENS_READS_WRITES_LIVE_AUTHORITY	CANDIDATE_ONLY_SEPARATE_ACCEPTANCE_AND_LIVE_EXECUTION_AUTHORIZATION_REQUIRED
failure	LEO-FAIL-027	27	reject_and_close_without_live_authority	production_orchestration_isolated_fixture_gate	whole-map-gap	ZERO_SELECTED_PROVIDER_OPENS_READS_WRITES_LIVE_AUTHORITY	CANDIDATE_ONLY_SEPARATE_ACCEPTANCE_AND_LIVE_EXECUTION_AUTHORIZATION_REQUIRED
failure	LEO-FAIL-028	28	reject_and_close_without_live_authority	production_orchestration_isolated_fixture_gate	protected-state-mismatch	ZERO_SELECTED_PROVIDER_OPENS_READS_WRITES_LIVE_AUTHORITY	CANDIDATE_ONLY_SEPARATE_ACCEPTANCE_AND_LIVE_EXECUTION_AUTHORIZATION_REQUIRED
