failure_id	sequence	failure_class	trigger	fail_closed_effect	provider_effect	replay_effect	cleanup_boundary	receipt_rule	current_state	authority_gate	prohibited_inference
LSLA-FAIL-001	1	PACKAGE	package manifest digest transaction id or self-test mismatch	reject transaction; do not produce or accept a local-supply map; emit canonical failure receipt when possible	close exact opened descriptors only; never mutate provider paths	no append unless orchestration receipt is verified; failed append leaves transaction failed and non-resumable without new authorization	exact transaction evidence temporaries only; never delete registry provider live prefix generation root or unknown paths	indexed failure receipt plus protected-state evidence when possible	DESIGN_ONLY_NOT_RUN	SEPARATE_FUTURE_OWNER_ACTIVATION_AND_EXPLICIT_EXECUTION_AUTHORIZATION_REQUIRED	DESIGN_DOES_NOT_CREATE_ACCEPT_OR_CONSUME_LIVE_AUTHORITY_DOCUMENTS_PERSIST_REPLAY_STATE_OPEN_OR_READ_SELECTED_PROVIDER_PATHS_EXECUTE_EVIDENCE_PRODUCE_A_LOCAL_SUPPLY_MAP_CREATE_A_GENERATION_ROOT_POPULATE_MATERIALIZE_PUBLISH_DEPLOY_OR_ACTIVATE
LSLA-FAIL-002	2	SOURCE_AUTHORITY	accepted source artifact or decision mismatch	reject transaction; do not produce or accept a local-supply map; emit canonical failure receipt when possible	close exact opened descriptors only; never mutate provider paths	no append unless orchestration receipt is verified; failed append leaves transaction failed and non-resumable without new authorization	exact transaction evidence temporaries only; never delete registry provider live prefix generation root or unknown paths	indexed failure receipt plus protected-state evidence when possible	DESIGN_ONLY_NOT_RUN	SEPARATE_FUTURE_OWNER_ACTIVATION_AND_EXPLICIT_EXECUTION_AUTHORIZATION_REQUIRED	DESIGN_DOES_NOT_CREATE_ACCEPT_OR_CONSUME_LIVE_AUTHORITY_DOCUMENTS_PERSIST_REPLAY_STATE_OPEN_OR_READ_SELECTED_PROVIDER_PATHS_EXECUTE_EVIDENCE_PRODUCE_A_LOCAL_SUPPLY_MAP_CREATE_A_GENERATION_ROOT_POPULATE_MATERIALIZE_PUBLISH_DEPLOY_OR_ACTIVATE
LSLA-FAIL-003	3	OWNER_DECISION	owner decision missing malformed expired or wrong scope	reject transaction; do not produce or accept a local-supply map; emit canonical failure receipt when possible	close exact opened descriptors only; never mutate provider paths	no append unless orchestration receipt is verified; failed append leaves transaction failed and non-resumable without new authorization	exact transaction evidence temporaries only; never delete registry provider live prefix generation root or unknown paths	indexed failure receipt plus protected-state evidence when possible	DESIGN_ONLY_NOT_RUN	SEPARATE_FUTURE_OWNER_ACTIVATION_AND_EXPLICIT_EXECUTION_AUTHORIZATION_REQUIRED	DESIGN_DOES_NOT_CREATE_ACCEPT_OR_CONSUME_LIVE_AUTHORITY_DOCUMENTS_PERSIST_REPLAY_STATE_OPEN_OR_READ_SELECTED_PROVIDER_PATHS_EXECUTE_EVIDENCE_PRODUCE_A_LOCAL_SUPPLY_MAP_CREATE_A_GENERATION_ROOT_POPULATE_MATERIALIZE_PUBLISH_DEPLOY_OR_ACTIVATE
LSLA-FAIL-004	4	OWNER_TOKEN	token missing malformed signature/issuer/decision binding mismatch	reject transaction; do not produce or accept a local-supply map; emit canonical failure receipt when possible	close exact opened descriptors only; never mutate provider paths	no append unless orchestration receipt is verified; failed append leaves transaction failed and non-resumable without new authorization	exact transaction evidence temporaries only; never delete registry provider live prefix generation root or unknown paths	indexed failure receipt plus protected-state evidence when possible	DESIGN_ONLY_NOT_RUN	SEPARATE_FUTURE_OWNER_ACTIVATION_AND_EXPLICIT_EXECUTION_AUTHORIZATION_REQUIRED	DESIGN_DOES_NOT_CREATE_ACCEPT_OR_CONSUME_LIVE_AUTHORITY_DOCUMENTS_PERSIST_REPLAY_STATE_OPEN_OR_READ_SELECTED_PROVIDER_PATHS_EXECUTE_EVIDENCE_PRODUCE_A_LOCAL_SUPPLY_MAP_CREATE_A_GENERATION_ROOT_POPULATE_MATERIALIZE_PUBLISH_DEPLOY_OR_ACTIVATE
LSLA-FAIL-005	5	COORDINATE_RECEIPT	receipt digest row count field count uniqueness or token binding mismatch	reject transaction; do not produce or accept a local-supply map; emit canonical failure receipt when possible	close exact opened descriptors only; never mutate provider paths	no append unless orchestration receipt is verified; failed append leaves transaction failed and non-resumable without new authorization	exact transaction evidence temporaries only; never delete registry provider live prefix generation root or unknown paths	indexed failure receipt plus protected-state evidence when possible	DESIGN_ONLY_NOT_RUN	SEPARATE_FUTURE_OWNER_ACTIVATION_AND_EXPLICIT_EXECUTION_AUTHORIZATION_REQUIRED	DESIGN_DOES_NOT_CREATE_ACCEPT_OR_CONSUME_LIVE_AUTHORITY_DOCUMENTS_PERSIST_REPLAY_STATE_OPEN_OR_READ_SELECTED_PROVIDER_PATHS_EXECUTE_EVIDENCE_PRODUCE_A_LOCAL_SUPPLY_MAP_CREATE_A_GENERATION_ROOT_POPULATE_MATERIALIZE_PUBLISH_DEPLOY_OR_ACTIVATE
LSLA-FAIL-006	6	REVOCATION	revoked stale regressed or mismatched revocation document	reject transaction; do not produce or accept a local-supply map; emit canonical failure receipt when possible	close exact opened descriptors only; never mutate provider paths	no append unless orchestration receipt is verified; failed append leaves transaction failed and non-resumable without new authorization	exact transaction evidence temporaries only; never delete registry provider live prefix generation root or unknown paths	indexed failure receipt plus protected-state evidence when possible	DESIGN_ONLY_NOT_RUN	SEPARATE_FUTURE_OWNER_ACTIVATION_AND_EXPLICIT_EXECUTION_AUTHORIZATION_REQUIRED	DESIGN_DOES_NOT_CREATE_ACCEPT_OR_CONSUME_LIVE_AUTHORITY_DOCUMENTS_PERSIST_REPLAY_STATE_OPEN_OR_READ_SELECTED_PROVIDER_PATHS_EXECUTE_EVIDENCE_PRODUCE_A_LOCAL_SUPPLY_MAP_CREATE_A_GENERATION_ROOT_POPULATE_MATERIALIZE_PUBLISH_DEPLOY_OR_ACTIVATE
LSLA-FAIL-007	7	EXECUTION_AUTHORIZATION	authorization missing malformed expired or cross-binding mismatch	reject transaction; do not produce or accept a local-supply map; emit canonical failure receipt when possible	close exact opened descriptors only; never mutate provider paths	no append unless orchestration receipt is verified; failed append leaves transaction failed and non-resumable without new authorization	exact transaction evidence temporaries only; never delete registry provider live prefix generation root or unknown paths	indexed failure receipt plus protected-state evidence when possible	DESIGN_ONLY_NOT_RUN	SEPARATE_FUTURE_OWNER_ACTIVATION_AND_EXPLICIT_EXECUTION_AUTHORIZATION_REQUIRED	DESIGN_DOES_NOT_CREATE_ACCEPT_OR_CONSUME_LIVE_AUTHORITY_DOCUMENTS_PERSIST_REPLAY_STATE_OPEN_OR_READ_SELECTED_PROVIDER_PATHS_EXECUTE_EVIDENCE_PRODUCE_A_LOCAL_SUPPLY_MAP_CREATE_A_GENERATION_ROOT_POPULATE_MATERIALIZE_PUBLISH_DEPLOY_OR_ACTIVATE
LSLA-FAIL-008	8	REPOSITORY_BASELINE	local HEAD/tree mismatch	reject transaction; do not produce or accept a local-supply map; emit canonical failure receipt when possible	close exact opened descriptors only; never mutate provider paths	no append unless orchestration receipt is verified; failed append leaves transaction failed and non-resumable without new authorization	exact transaction evidence temporaries only; never delete registry provider live prefix generation root or unknown paths	indexed failure receipt plus protected-state evidence when possible	DESIGN_ONLY_NOT_RUN	SEPARATE_FUTURE_OWNER_ACTIVATION_AND_EXPLICIT_EXECUTION_AUTHORIZATION_REQUIRED	DESIGN_DOES_NOT_CREATE_ACCEPT_OR_CONSUME_LIVE_AUTHORITY_DOCUMENTS_PERSIST_REPLAY_STATE_OPEN_OR_READ_SELECTED_PROVIDER_PATHS_EXECUTE_EVIDENCE_PRODUCE_A_LOCAL_SUPPLY_MAP_CREATE_A_GENERATION_ROOT_POPULATE_MATERIALIZE_PUBLISH_DEPLOY_OR_ACTIVATE
LSLA-FAIL-009	9	REMOTE_BASELINE	remote HEAD unavailable or mismatch	reject transaction; do not produce or accept a local-supply map; emit canonical failure receipt when possible	close exact opened descriptors only; never mutate provider paths	no append unless orchestration receipt is verified; failed append leaves transaction failed and non-resumable without new authorization	exact transaction evidence temporaries only; never delete registry provider live prefix generation root or unknown paths	indexed failure receipt plus protected-state evidence when possible	DESIGN_ONLY_NOT_RUN	SEPARATE_FUTURE_OWNER_ACTIVATION_AND_EXPLICIT_EXECUTION_AUTHORIZATION_REQUIRED	DESIGN_DOES_NOT_CREATE_ACCEPT_OR_CONSUME_LIVE_AUTHORITY_DOCUMENTS_PERSIST_REPLAY_STATE_OPEN_OR_READ_SELECTED_PROVIDER_PATHS_EXECUTE_EVIDENCE_PRODUCE_A_LOCAL_SUPPLY_MAP_CREATE_A_GENERATION_ROOT_POPULATE_MATERIALIZE_PUBLISH_DEPLOY_OR_ACTIVATE
LSLA-FAIL-010	10	EXECUTOR	uid gid application identity mismatch	reject transaction; do not produce or accept a local-supply map; emit canonical failure receipt when possible	close exact opened descriptors only; never mutate provider paths	no append unless orchestration receipt is verified; failed append leaves transaction failed and non-resumable without new authorization	exact transaction evidence temporaries only; never delete registry provider live prefix generation root or unknown paths	indexed failure receipt plus protected-state evidence when possible	DESIGN_ONLY_NOT_RUN	SEPARATE_FUTURE_OWNER_ACTIVATION_AND_EXPLICIT_EXECUTION_AUTHORIZATION_REQUIRED	DESIGN_DOES_NOT_CREATE_ACCEPT_OR_CONSUME_LIVE_AUTHORITY_DOCUMENTS_PERSIST_REPLAY_STATE_OPEN_OR_READ_SELECTED_PROVIDER_PATHS_EXECUTE_EVIDENCE_PRODUCE_A_LOCAL_SUPPLY_MAP_CREATE_A_GENERATION_ROOT_POPULATE_MATERIALIZE_PUBLISH_DEPLOY_OR_ACTIVATE
LSLA-FAIL-011	11	TRUSTED_TIME	not-before expiry skew rollback or provider failure	reject transaction; do not produce or accept a local-supply map; emit canonical failure receipt when possible	close exact opened descriptors only; never mutate provider paths	no append unless orchestration receipt is verified; failed append leaves transaction failed and non-resumable without new authorization	exact transaction evidence temporaries only; never delete registry provider live prefix generation root or unknown paths	indexed failure receipt plus protected-state evidence when possible	DESIGN_ONLY_NOT_RUN	SEPARATE_FUTURE_OWNER_ACTIVATION_AND_EXPLICIT_EXECUTION_AUTHORIZATION_REQUIRED	DESIGN_DOES_NOT_CREATE_ACCEPT_OR_CONSUME_LIVE_AUTHORITY_DOCUMENTS_PERSIST_REPLAY_STATE_OPEN_OR_READ_SELECTED_PROVIDER_PATHS_EXECUTE_EVIDENCE_PRODUCE_A_LOCAL_SUPPLY_MAP_CREATE_A_GENERATION_ROOT_POPULATE_MATERIALIZE_PUBLISH_DEPLOY_OR_ACTIVATE
LSLA-FAIL-012	12	REPLAY_REGISTRY	registry path schema ownership mode or integrity-root mismatch	reject transaction; do not produce or accept a local-supply map; emit canonical failure receipt when possible	close exact opened descriptors only; never mutate provider paths	no append unless orchestration receipt is verified; failed append leaves transaction failed and non-resumable without new authorization	exact transaction evidence temporaries only; never delete registry provider live prefix generation root or unknown paths	indexed failure receipt plus protected-state evidence when possible	DESIGN_ONLY_NOT_RUN	SEPARATE_FUTURE_OWNER_ACTIVATION_AND_EXPLICIT_EXECUTION_AUTHORIZATION_REQUIRED	DESIGN_DOES_NOT_CREATE_ACCEPT_OR_CONSUME_LIVE_AUTHORITY_DOCUMENTS_PERSIST_REPLAY_STATE_OPEN_OR_READ_SELECTED_PROVIDER_PATHS_EXECUTE_EVIDENCE_PRODUCE_A_LOCAL_SUPPLY_MAP_CREATE_A_GENERATION_ROOT_POPULATE_MATERIALIZE_PUBLISH_DEPLOY_OR_ACTIVATE
LSLA-FAIL-013	13	REPLAY_DUPLICATE	transaction tuple already present	reject transaction; do not produce or accept a local-supply map; emit canonical failure receipt when possible	close exact opened descriptors only; never mutate provider paths	no append unless orchestration receipt is verified; failed append leaves transaction failed and non-resumable without new authorization	exact transaction evidence temporaries only; never delete registry provider live prefix generation root or unknown paths	indexed failure receipt plus protected-state evidence when possible	DESIGN_ONLY_NOT_RUN	SEPARATE_FUTURE_OWNER_ACTIVATION_AND_EXPLICIT_EXECUTION_AUTHORIZATION_REQUIRED	DESIGN_DOES_NOT_CREATE_ACCEPT_OR_CONSUME_LIVE_AUTHORITY_DOCUMENTS_PERSIST_REPLAY_STATE_OPEN_OR_READ_SELECTED_PROVIDER_PATHS_EXECUTE_EVIDENCE_PRODUCE_A_LOCAL_SUPPLY_MAP_CREATE_A_GENERATION_ROOT_POPULATE_MATERIALIZE_PUBLISH_DEPLOY_OR_ACTIVATE
LSLA-FAIL-014	14	REPLAY_ORDER	sequence rollback or monotonicity violation	reject transaction; do not produce or accept a local-supply map; emit canonical failure receipt when possible	close exact opened descriptors only; never mutate provider paths	no append unless orchestration receipt is verified; failed append leaves transaction failed and non-resumable without new authorization	exact transaction evidence temporaries only; never delete registry provider live prefix generation root or unknown paths	indexed failure receipt plus protected-state evidence when possible	DESIGN_ONLY_NOT_RUN	SEPARATE_FUTURE_OWNER_ACTIVATION_AND_EXPLICIT_EXECUTION_AUTHORIZATION_REQUIRED	DESIGN_DOES_NOT_CREATE_ACCEPT_OR_CONSUME_LIVE_AUTHORITY_DOCUMENTS_PERSIST_REPLAY_STATE_OPEN_OR_READ_SELECTED_PROVIDER_PATHS_EXECUTE_EVIDENCE_PRODUCE_A_LOCAL_SUPPLY_MAP_CREATE_A_GENERATION_ROOT_POPULATE_MATERIALIZE_PUBLISH_DEPLOY_OR_ACTIVATE
LSLA-FAIL-015	15	PROTECTED_BEFORE	protected pre-snapshot unavailable	reject transaction; do not produce or accept a local-supply map; emit canonical failure receipt when possible	close exact opened descriptors only; never mutate provider paths	no append unless orchestration receipt is verified; failed append leaves transaction failed and non-resumable without new authorization	exact transaction evidence temporaries only; never delete registry provider live prefix generation root or unknown paths	indexed failure receipt plus protected-state evidence when possible	DESIGN_ONLY_NOT_RUN	SEPARATE_FUTURE_OWNER_ACTIVATION_AND_EXPLICIT_EXECUTION_AUTHORIZATION_REQUIRED	DESIGN_DOES_NOT_CREATE_ACCEPT_OR_CONSUME_LIVE_AUTHORITY_DOCUMENTS_PERSIST_REPLAY_STATE_OPEN_OR_READ_SELECTED_PROVIDER_PATHS_EXECUTE_EVIDENCE_PRODUCE_A_LOCAL_SUPPLY_MAP_CREATE_A_GENERATION_ROOT_POPULATE_MATERIALIZE_PUBLISH_DEPLOY_OR_ACTIVATE
LSLA-FAIL-016	16	OUTPUT_ROOT	output root escapes transaction boundary or overlaps forbidden roots	reject transaction; do not produce or accept a local-supply map; emit canonical failure receipt when possible	close exact opened descriptors only; never mutate provider paths	no append unless orchestration receipt is verified; failed append leaves transaction failed and non-resumable without new authorization	exact transaction evidence temporaries only; never delete registry provider live prefix generation root or unknown paths	indexed failure receipt plus protected-state evidence when possible	DESIGN_ONLY_NOT_RUN	SEPARATE_FUTURE_OWNER_ACTIVATION_AND_EXPLICIT_EXECUTION_AUTHORIZATION_REQUIRED	DESIGN_DOES_NOT_CREATE_ACCEPT_OR_CONSUME_LIVE_AUTHORITY_DOCUMENTS_PERSIST_REPLAY_STATE_OPEN_OR_READ_SELECTED_PROVIDER_PATHS_EXECUTE_EVIDENCE_PRODUCE_A_LOCAL_SUPPLY_MAP_CREATE_A_GENERATION_ROOT_POPULATE_MATERIALIZE_PUBLISH_DEPLOY_OR_ACTIVATE
LSLA-FAIL-017	17	RESOURCE_LIMIT	open read byte time receipt or archive budget invalid	reject transaction; do not produce or accept a local-supply map; emit canonical failure receipt when possible	close exact opened descriptors only; never mutate provider paths	no append unless orchestration receipt is verified; failed append leaves transaction failed and non-resumable without new authorization	exact transaction evidence temporaries only; never delete registry provider live prefix generation root or unknown paths	indexed failure receipt plus protected-state evidence when possible	DESIGN_ONLY_NOT_RUN	SEPARATE_FUTURE_OWNER_ACTIVATION_AND_EXPLICIT_EXECUTION_AUTHORIZATION_REQUIRED	DESIGN_DOES_NOT_CREATE_ACCEPT_OR_CONSUME_LIVE_AUTHORITY_DOCUMENTS_PERSIST_REPLAY_STATE_OPEN_OR_READ_SELECTED_PROVIDER_PATHS_EXECUTE_EVIDENCE_PRODUCE_A_LOCAL_SUPPLY_MAP_CREATE_A_GENERATION_ROOT_POPULATE_MATERIALIZE_PUBLISH_DEPLOY_OR_ACTIVATE
LSLA-FAIL-018	18	ORCHESTRATION_IDENTITY	accepted orchestration source or entrypoint mismatch	reject transaction; do not produce or accept a local-supply map; emit canonical failure receipt when possible	close exact opened descriptors only; never mutate provider paths	no append unless orchestration receipt is verified; failed append leaves transaction failed and non-resumable without new authorization	exact transaction evidence temporaries only; never delete registry provider live prefix generation root or unknown paths	indexed failure receipt plus protected-state evidence when possible	DESIGN_ONLY_NOT_RUN	SEPARATE_FUTURE_OWNER_ACTIVATION_AND_EXPLICIT_EXECUTION_AUTHORIZATION_REQUIRED	DESIGN_DOES_NOT_CREATE_ACCEPT_OR_CONSUME_LIVE_AUTHORITY_DOCUMENTS_PERSIST_REPLAY_STATE_OPEN_OR_READ_SELECTED_PROVIDER_PATHS_EXECUTE_EVIDENCE_PRODUCE_A_LOCAL_SUPPLY_MAP_CREATE_A_GENERATION_ROOT_POPULATE_MATERIALIZE_PUBLISH_DEPLOY_OR_ACTIVATE
LSLA-FAIL-019	19	SYNTHETIC_REWRITE	accepted synthetic CLI import invocation or live-to-synthetic rewrite attempted	reject transaction; do not produce or accept a local-supply map; emit canonical failure receipt when possible	close exact opened descriptors only; never mutate provider paths	no append unless orchestration receipt is verified; failed append leaves transaction failed and non-resumable without new authorization	exact transaction evidence temporaries only; never delete registry provider live prefix generation root or unknown paths	indexed failure receipt plus protected-state evidence when possible	DESIGN_ONLY_NOT_RUN	SEPARATE_FUTURE_OWNER_ACTIVATION_AND_EXPLICIT_EXECUTION_AUTHORIZATION_REQUIRED	DESIGN_DOES_NOT_CREATE_ACCEPT_OR_CONSUME_LIVE_AUTHORITY_DOCUMENTS_PERSIST_REPLAY_STATE_OPEN_OR_READ_SELECTED_PROVIDER_PATHS_EXECUTE_EVIDENCE_PRODUCE_A_LOCAL_SUPPLY_MAP_CREATE_A_GENERATION_ROOT_POPULATE_MATERIALIZE_PUBLISH_DEPLOY_OR_ACTIVATE
LSLA-FAIL-020	20	PREMATURE_PROVIDER_OPEN	provider open attempted before gate armed	reject transaction; do not produce or accept a local-supply map; emit canonical failure receipt when possible	close exact opened descriptors only; never mutate provider paths	no append unless orchestration receipt is verified; failed append leaves transaction failed and non-resumable without new authorization	exact transaction evidence temporaries only; never delete registry provider live prefix generation root or unknown paths	indexed failure receipt plus protected-state evidence when possible	DESIGN_ONLY_NOT_RUN	SEPARATE_FUTURE_OWNER_ACTIVATION_AND_EXPLICIT_EXECUTION_AUTHORIZATION_REQUIRED	DESIGN_DOES_NOT_CREATE_ACCEPT_OR_CONSUME_LIVE_AUTHORITY_DOCUMENTS_PERSIST_REPLAY_STATE_OPEN_OR_READ_SELECTED_PROVIDER_PATHS_EXECUTE_EVIDENCE_PRODUCE_A_LOCAL_SUPPLY_MAP_CREATE_A_GENERATION_ROOT_POPULATE_MATERIALIZE_PUBLISH_DEPLOY_OR_ACTIVATE
LSLA-FAIL-021	21	PROVIDER_PATH	coordinate path noncanonical symlink unsafe owner/mode or outside authorization	reject transaction; do not produce or accept a local-supply map; emit canonical failure receipt when possible	close exact opened descriptors only; never mutate provider paths	no append unless orchestration receipt is verified; failed append leaves transaction failed and non-resumable without new authorization	exact transaction evidence temporaries only; never delete registry provider live prefix generation root or unknown paths	indexed failure receipt plus protected-state evidence when possible	DESIGN_ONLY_NOT_RUN	SEPARATE_FUTURE_OWNER_ACTIVATION_AND_EXPLICIT_EXECUTION_AUTHORIZATION_REQUIRED	DESIGN_DOES_NOT_CREATE_ACCEPT_OR_CONSUME_LIVE_AUTHORITY_DOCUMENTS_PERSIST_REPLAY_STATE_OPEN_OR_READ_SELECTED_PROVIDER_PATHS_EXECUTE_EVIDENCE_PRODUCE_A_LOCAL_SUPPLY_MAP_CREATE_A_GENERATION_ROOT_POPULATE_MATERIALIZE_PUBLISH_DEPLOY_OR_ACTIVATE
LSLA-FAIL-022	22	PROVIDER_CONTENT	stable identity size digest ELF machine type or SONAME mismatch	reject transaction; do not produce or accept a local-supply map; emit canonical failure receipt when possible	close exact opened descriptors only; never mutate provider paths	no append unless orchestration receipt is verified; failed append leaves transaction failed and non-resumable without new authorization	exact transaction evidence temporaries only; never delete registry provider live prefix generation root or unknown paths	indexed failure receipt plus protected-state evidence when possible	DESIGN_ONLY_NOT_RUN	SEPARATE_FUTURE_OWNER_ACTIVATION_AND_EXPLICIT_EXECUTION_AUTHORIZATION_REQUIRED	DESIGN_DOES_NOT_CREATE_ACCEPT_OR_CONSUME_LIVE_AUTHORITY_DOCUMENTS_PERSIST_REPLAY_STATE_OPEN_OR_READ_SELECTED_PROVIDER_PATHS_EXECUTE_EVIDENCE_PRODUCE_A_LOCAL_SUPPLY_MAP_CREATE_A_GENERATION_ROOT_POPULATE_MATERIALIZE_PUBLISH_DEPLOY_OR_ACTIVATE
LSLA-FAIL-023	23	WHOLE_MAP	fewer than 41 rows or atomic family incomplete	reject transaction; do not produce or accept a local-supply map; emit canonical failure receipt when possible	close exact opened descriptors only; never mutate provider paths	no append unless orchestration receipt is verified; failed append leaves transaction failed and non-resumable without new authorization	exact transaction evidence temporaries only; never delete registry provider live prefix generation root or unknown paths	indexed failure receipt plus protected-state evidence when possible	DESIGN_ONLY_NOT_RUN	SEPARATE_FUTURE_OWNER_ACTIVATION_AND_EXPLICIT_EXECUTION_AUTHORIZATION_REQUIRED	DESIGN_DOES_NOT_CREATE_ACCEPT_OR_CONSUME_LIVE_AUTHORITY_DOCUMENTS_PERSIST_REPLAY_STATE_OPEN_OR_READ_SELECTED_PROVIDER_PATHS_EXECUTE_EVIDENCE_PRODUCE_A_LOCAL_SUPPLY_MAP_CREATE_A_GENERATION_ROOT_POPULATE_MATERIALIZE_PUBLISH_DEPLOY_OR_ACTIVATE
LSLA-FAIL-024	24	EVIDENCE_RECEIPT	receipt schema serialization digest or limit mismatch	reject transaction; do not produce or accept a local-supply map; emit canonical failure receipt when possible	close exact opened descriptors only; never mutate provider paths	no append unless orchestration receipt is verified; failed append leaves transaction failed and non-resumable without new authorization	exact transaction evidence temporaries only; never delete registry provider live prefix generation root or unknown paths	indexed failure receipt plus protected-state evidence when possible	DESIGN_ONLY_NOT_RUN	SEPARATE_FUTURE_OWNER_ACTIVATION_AND_EXPLICIT_EXECUTION_AUTHORIZATION_REQUIRED	DESIGN_DOES_NOT_CREATE_ACCEPT_OR_CONSUME_LIVE_AUTHORITY_DOCUMENTS_PERSIST_REPLAY_STATE_OPEN_OR_READ_SELECTED_PROVIDER_PATHS_EXECUTE_EVIDENCE_PRODUCE_A_LOCAL_SUPPLY_MAP_CREATE_A_GENERATION_ROOT_POPULATE_MATERIALIZE_PUBLISH_DEPLOY_OR_ACTIVATE
LSLA-FAIL-025	25	REPLAY_APPEND	append fsync parent-fsync or post-append verification failed	reject transaction; do not produce or accept a local-supply map; emit canonical failure receipt when possible	close exact opened descriptors only; never mutate provider paths	no append unless orchestration receipt is verified; failed append leaves transaction failed and non-resumable without new authorization	exact transaction evidence temporaries only; never delete registry provider live prefix generation root or unknown paths	indexed failure receipt plus protected-state evidence when possible	DESIGN_ONLY_NOT_RUN	SEPARATE_FUTURE_OWNER_ACTIVATION_AND_EXPLICIT_EXECUTION_AUTHORIZATION_REQUIRED	DESIGN_DOES_NOT_CREATE_ACCEPT_OR_CONSUME_LIVE_AUTHORITY_DOCUMENTS_PERSIST_REPLAY_STATE_OPEN_OR_READ_SELECTED_PROVIDER_PATHS_EXECUTE_EVIDENCE_PRODUCE_A_LOCAL_SUPPLY_MAP_CREATE_A_GENERATION_ROOT_POPULATE_MATERIALIZE_PUBLISH_DEPLOY_OR_ACTIVATE
LSLA-FAIL-026	26	PROTECTED_AFTER	protected post-snapshot unavailable	reject transaction; do not produce or accept a local-supply map; emit canonical failure receipt when possible	close exact opened descriptors only; never mutate provider paths	no append unless orchestration receipt is verified; failed append leaves transaction failed and non-resumable without new authorization	exact transaction evidence temporaries only; never delete registry provider live prefix generation root or unknown paths	indexed failure receipt plus protected-state evidence when possible	DESIGN_ONLY_NOT_RUN	SEPARATE_FUTURE_OWNER_ACTIVATION_AND_EXPLICIT_EXECUTION_AUTHORIZATION_REQUIRED	DESIGN_DOES_NOT_CREATE_ACCEPT_OR_CONSUME_LIVE_AUTHORITY_DOCUMENTS_PERSIST_REPLAY_STATE_OPEN_OR_READ_SELECTED_PROVIDER_PATHS_EXECUTE_EVIDENCE_PRODUCE_A_LOCAL_SUPPLY_MAP_CREATE_A_GENERATION_ROOT_POPULATE_MATERIALIZE_PUBLISH_DEPLOY_OR_ACTIVATE
LSLA-FAIL-027	27	PROTECTED_INVARIANCE	package database or live prefix changed	reject transaction; do not produce or accept a local-supply map; emit canonical failure receipt when possible	close exact opened descriptors only; never mutate provider paths	no append unless orchestration receipt is verified; failed append leaves transaction failed and non-resumable without new authorization	exact transaction evidence temporaries only; never delete registry provider live prefix generation root or unknown paths	indexed failure receipt plus protected-state evidence when possible	DESIGN_ONLY_NOT_RUN	SEPARATE_FUTURE_OWNER_ACTIVATION_AND_EXPLICIT_EXECUTION_AUTHORIZATION_REQUIRED	DESIGN_DOES_NOT_CREATE_ACCEPT_OR_CONSUME_LIVE_AUTHORITY_DOCUMENTS_PERSIST_REPLAY_STATE_OPEN_OR_READ_SELECTED_PROVIDER_PATHS_EXECUTE_EVIDENCE_PRODUCE_A_LOCAL_SUPPLY_MAP_CREATE_A_GENERATION_ROOT_POPULATE_MATERIALIZE_PUBLISH_DEPLOY_OR_ACTIVATE
LSLA-FAIL-028	28	RESULT_INDEX	terminal receipt or index generation failed	reject transaction; do not produce or accept a local-supply map; emit canonical failure receipt when possible	close exact opened descriptors only; never mutate provider paths	no append unless orchestration receipt is verified; failed append leaves transaction failed and non-resumable without new authorization	exact transaction evidence temporaries only; never delete registry provider live prefix generation root or unknown paths	indexed failure receipt plus protected-state evidence when possible	DESIGN_ONLY_NOT_RUN	SEPARATE_FUTURE_OWNER_ACTIVATION_AND_EXPLICIT_EXECUTION_AUTHORIZATION_REQUIRED	DESIGN_DOES_NOT_CREATE_ACCEPT_OR_CONSUME_LIVE_AUTHORITY_DOCUMENTS_PERSIST_REPLAY_STATE_OPEN_OR_READ_SELECTED_PROVIDER_PATHS_EXECUTE_EVIDENCE_PRODUCE_A_LOCAL_SUPPLY_MAP_CREATE_A_GENERATION_ROOT_POPULATE_MATERIALIZE_PUBLISH_DEPLOY_OR_ACTIVATE
LSLA-FAIL-029	29	RESULT_DELIVERY	archive verification or upload failed	reject transaction; do not produce or accept a local-supply map; emit canonical failure receipt when possible	close exact opened descriptors only; never mutate provider paths	no append unless orchestration receipt is verified; failed append leaves transaction failed and non-resumable without new authorization	exact transaction evidence temporaries only; never delete registry provider live prefix generation root or unknown paths	indexed failure receipt plus protected-state evidence when possible	DESIGN_ONLY_NOT_RUN	SEPARATE_FUTURE_OWNER_ACTIVATION_AND_EXPLICIT_EXECUTION_AUTHORIZATION_REQUIRED	DESIGN_DOES_NOT_CREATE_ACCEPT_OR_CONSUME_LIVE_AUTHORITY_DOCUMENTS_PERSIST_REPLAY_STATE_OPEN_OR_READ_SELECTED_PROVIDER_PATHS_EXECUTE_EVIDENCE_PRODUCE_A_LOCAL_SUPPLY_MAP_CREATE_A_GENERATION_ROOT_POPULATE_MATERIALIZE_PUBLISH_DEPLOY_OR_ACTIVATE
LSLA-FAIL-030	30	ROLLBACK_RECOVERY	cleanup would cross bounded evidence roots or terminal state ambiguous	reject transaction; do not produce or accept a local-supply map; emit canonical failure receipt when possible	close exact opened descriptors only; never mutate provider paths	no append unless orchestration receipt is verified; failed append leaves transaction failed and non-resumable without new authorization	exact transaction evidence temporaries only; never delete registry provider live prefix generation root or unknown paths	indexed failure receipt plus protected-state evidence when possible	DESIGN_ONLY_NOT_RUN	SEPARATE_FUTURE_OWNER_ACTIVATION_AND_EXPLICIT_EXECUTION_AUTHORIZATION_REQUIRED	DESIGN_DOES_NOT_CREATE_ACCEPT_OR_CONSUME_LIVE_AUTHORITY_DOCUMENTS_PERSIST_REPLAY_STATE_OPEN_OR_READ_SELECTED_PROVIDER_PATHS_EXECUTE_EVIDENCE_PRODUCE_A_LOCAL_SUPPLY_MAP_CREATE_A_GENERATION_ROOT_POPULATE_MATERIALIZE_PUBLISH_DEPLOY_OR_ACTIVATE
