failure_id	sequence	failure_class	trigger	required_action	live_authority_effect	cleanup_scope	result_requirement	current_state	authority_gate	prohibited_inference
LSLIAE-FAIL-001	1	PACKAGE	contract package or accepted source digest invalid	reject whole adapter/execution transaction; before first open keep provider reads zero; after open close descriptors; emit bounded failure receipt; produce no accepted local map	ZERO_NEW_LIVE_AUTHORITY_AND_NO_RUNTIME_AUTHORITY	exact transaction-scoped draft envelope logs receipts index and archive only; never delete or mutate provider files package databases live glibc prefix generation roots or other authority state	canonical failure receipt with first failure codes read count write scope replay state and protected-state outcome when possible	CONTRACT_ONLY_NOT_RUN	SEPARATE_FUTURE_ADAPTER_IMPLEMENTATION_ACCEPTANCE_AND_EXPLICIT_EXECUTION_AUTHORIZATION_REQUIRED	CONTRACT_REVIEW_DOES_NOT_SUPPLY_OR_ACCEPT_LIVE_INPUTS_ISSUE_OR_ACTIVATE_TOKENS_PRODUCE_COORDINATES_INVOKE_THE_SYNTHETIC_IMPLEMENTATION_WITH_LIVE_INPUT_REWRITE_LIVE_PATHS_SEARCH_OPEN_OR_READ_PROVIDER_BYTES_EXECUTE_EVIDENCE_COLLECTION_CREATE_RUNTIME_STATE_POPULATE_MATERIALIZE_PUBLISH_DEPLOY_OR_ACTIVATE
LSLIAE-FAIL-002	2	SYNTHETIC_BOUNDARY	accepted synthetic implementation mutated invoked with live input or treated as live executor	reject whole adapter/execution transaction; before first open keep provider reads zero; after open close descriptors; emit bounded failure receipt; produce no accepted local map	ZERO_NEW_LIVE_AUTHORITY_AND_NO_RUNTIME_AUTHORITY	exact transaction-scoped draft envelope logs receipts index and archive only; never delete or mutate provider files package databases live glibc prefix generation roots or other authority state	canonical failure receipt with first failure codes read count write scope replay state and protected-state outcome when possible	CONTRACT_ONLY_NOT_RUN	SEPARATE_FUTURE_ADAPTER_IMPLEMENTATION_ACCEPTANCE_AND_EXPLICIT_EXECUTION_AUTHORIZATION_REQUIRED	CONTRACT_REVIEW_DOES_NOT_SUPPLY_OR_ACCEPT_LIVE_INPUTS_ISSUE_OR_ACTIVATE_TOKENS_PRODUCE_COORDINATES_INVOKE_THE_SYNTHETIC_IMPLEMENTATION_WITH_LIVE_INPUT_REWRITE_LIVE_PATHS_SEARCH_OPEN_OR_READ_PROVIDER_BYTES_EXECUTE_EVIDENCE_COLLECTION_CREATE_RUNTIME_STATE_POPULATE_MATERIALIZE_PUBLISH_DEPLOY_OR_ACTIVATE
LSLIAE-FAIL-003	3	INPUT_DISCOVERY	input obtained by search glob environment inference fallback or unlisted channel	reject whole adapter/execution transaction; before first open keep provider reads zero; after open close descriptors; emit bounded failure receipt; produce no accepted local map	ZERO_NEW_LIVE_AUTHORITY_AND_NO_RUNTIME_AUTHORITY	exact transaction-scoped draft envelope logs receipts index and archive only; never delete or mutate provider files package databases live glibc prefix generation roots or other authority state	canonical failure receipt with first failure codes read count write scope replay state and protected-state outcome when possible	CONTRACT_ONLY_NOT_RUN	SEPARATE_FUTURE_ADAPTER_IMPLEMENTATION_ACCEPTANCE_AND_EXPLICIT_EXECUTION_AUTHORIZATION_REQUIRED	CONTRACT_REVIEW_DOES_NOT_SUPPLY_OR_ACCEPT_LIVE_INPUTS_ISSUE_OR_ACTIVATE_TOKENS_PRODUCE_COORDINATES_INVOKE_THE_SYNTHETIC_IMPLEMENTATION_WITH_LIVE_INPUT_REWRITE_LIVE_PATHS_SEARCH_OPEN_OR_READ_PROVIDER_BYTES_EXECUTE_EVIDENCE_COLLECTION_CREATE_RUNTIME_STATE_POPULATE_MATERIALIZE_PUBLISH_DEPLOY_OR_ACTIVATE
LSLIAE-FAIL-004	4	INPUT_DOCUMENT	owner token coordinate or revocation document missing malformed or noncanonical	reject whole adapter/execution transaction; before first open keep provider reads zero; after open close descriptors; emit bounded failure receipt; produce no accepted local map	ZERO_NEW_LIVE_AUTHORITY_AND_NO_RUNTIME_AUTHORITY	exact transaction-scoped draft envelope logs receipts index and archive only; never delete or mutate provider files package databases live glibc prefix generation roots or other authority state	canonical failure receipt with first failure codes read count write scope replay state and protected-state outcome when possible	CONTRACT_ONLY_NOT_RUN	SEPARATE_FUTURE_ADAPTER_IMPLEMENTATION_ACCEPTANCE_AND_EXPLICIT_EXECUTION_AUTHORIZATION_REQUIRED	CONTRACT_REVIEW_DOES_NOT_SUPPLY_OR_ACCEPT_LIVE_INPUTS_ISSUE_OR_ACTIVATE_TOKENS_PRODUCE_COORDINATES_INVOKE_THE_SYNTHETIC_IMPLEMENTATION_WITH_LIVE_INPUT_REWRITE_LIVE_PATHS_SEARCH_OPEN_OR_READ_PROVIDER_BYTES_EXECUTE_EVIDENCE_COLLECTION_CREATE_RUNTIME_STATE_POPULATE_MATERIALIZE_PUBLISH_DEPLOY_OR_ACTIVATE
LSLIAE-FAIL-005	5	DIGEST	any input or envelope digest mismatch	reject whole adapter/execution transaction; before first open keep provider reads zero; after open close descriptors; emit bounded failure receipt; produce no accepted local map	ZERO_NEW_LIVE_AUTHORITY_AND_NO_RUNTIME_AUTHORITY	exact transaction-scoped draft envelope logs receipts index and archive only; never delete or mutate provider files package databases live glibc prefix generation roots or other authority state	canonical failure receipt with first failure codes read count write scope replay state and protected-state outcome when possible	CONTRACT_ONLY_NOT_RUN	SEPARATE_FUTURE_ADAPTER_IMPLEMENTATION_ACCEPTANCE_AND_EXPLICIT_EXECUTION_AUTHORIZATION_REQUIRED	CONTRACT_REVIEW_DOES_NOT_SUPPLY_OR_ACCEPT_LIVE_INPUTS_ISSUE_OR_ACTIVATE_TOKENS_PRODUCE_COORDINATES_INVOKE_THE_SYNTHETIC_IMPLEMENTATION_WITH_LIVE_INPUT_REWRITE_LIVE_PATHS_SEARCH_OPEN_OR_READ_PROVIDER_BYTES_EXECUTE_EVIDENCE_COLLECTION_CREATE_RUNTIME_STATE_POPULATE_MATERIALIZE_PUBLISH_DEPLOY_OR_ACTIVATE
LSLIAE-FAIL-006	6	OWNER_TOKEN_BINDING	owner decision and token identifiers effects transaction baseline or executor differ	reject whole adapter/execution transaction; before first open keep provider reads zero; after open close descriptors; emit bounded failure receipt; produce no accepted local map	ZERO_NEW_LIVE_AUTHORITY_AND_NO_RUNTIME_AUTHORITY	exact transaction-scoped draft envelope logs receipts index and archive only; never delete or mutate provider files package databases live glibc prefix generation roots or other authority state	canonical failure receipt with first failure codes read count write scope replay state and protected-state outcome when possible	CONTRACT_ONLY_NOT_RUN	SEPARATE_FUTURE_ADAPTER_IMPLEMENTATION_ACCEPTANCE_AND_EXPLICIT_EXECUTION_AUTHORIZATION_REQUIRED	CONTRACT_REVIEW_DOES_NOT_SUPPLY_OR_ACCEPT_LIVE_INPUTS_ISSUE_OR_ACTIVATE_TOKENS_PRODUCE_COORDINATES_INVOKE_THE_SYNTHETIC_IMPLEMENTATION_WITH_LIVE_INPUT_REWRITE_LIVE_PATHS_SEARCH_OPEN_OR_READ_PROVIDER_BYTES_EXECUTE_EVIDENCE_COLLECTION_CREATE_RUNTIME_STATE_POPULATE_MATERIALIZE_PUBLISH_DEPLOY_OR_ACTIVATE
LSLIAE-FAIL-007	7	TOKEN_COORDINATE_BINDING	token coordinate_receipt_sha256 differs from canonical receipt	reject whole adapter/execution transaction; before first open keep provider reads zero; after open close descriptors; emit bounded failure receipt; produce no accepted local map	ZERO_NEW_LIVE_AUTHORITY_AND_NO_RUNTIME_AUTHORITY	exact transaction-scoped draft envelope logs receipts index and archive only; never delete or mutate provider files package databases live glibc prefix generation roots or other authority state	canonical failure receipt with first failure codes read count write scope replay state and protected-state outcome when possible	CONTRACT_ONLY_NOT_RUN	SEPARATE_FUTURE_ADAPTER_IMPLEMENTATION_ACCEPTANCE_AND_EXPLICIT_EXECUTION_AUTHORIZATION_REQUIRED	CONTRACT_REVIEW_DOES_NOT_SUPPLY_OR_ACCEPT_LIVE_INPUTS_ISSUE_OR_ACTIVATE_TOKENS_PRODUCE_COORDINATES_INVOKE_THE_SYNTHETIC_IMPLEMENTATION_WITH_LIVE_INPUT_REWRITE_LIVE_PATHS_SEARCH_OPEN_OR_READ_PROVIDER_BYTES_EXECUTE_EVIDENCE_COLLECTION_CREATE_RUNTIME_STATE_POPULATE_MATERIALIZE_PUBLISH_DEPLOY_OR_ACTIVATE
LSLIAE-FAIL-008	8	BASELINE	repository HEAD tree or remote HEAD stale or mismatched	reject whole adapter/execution transaction; before first open keep provider reads zero; after open close descriptors; emit bounded failure receipt; produce no accepted local map	ZERO_NEW_LIVE_AUTHORITY_AND_NO_RUNTIME_AUTHORITY	exact transaction-scoped draft envelope logs receipts index and archive only; never delete or mutate provider files package databases live glibc prefix generation roots or other authority state	canonical failure receipt with first failure codes read count write scope replay state and protected-state outcome when possible	CONTRACT_ONLY_NOT_RUN	SEPARATE_FUTURE_ADAPTER_IMPLEMENTATION_ACCEPTANCE_AND_EXPLICIT_EXECUTION_AUTHORIZATION_REQUIRED	CONTRACT_REVIEW_DOES_NOT_SUPPLY_OR_ACCEPT_LIVE_INPUTS_ISSUE_OR_ACTIVATE_TOKENS_PRODUCE_COORDINATES_INVOKE_THE_SYNTHETIC_IMPLEMENTATION_WITH_LIVE_INPUT_REWRITE_LIVE_PATHS_SEARCH_OPEN_OR_READ_PROVIDER_BYTES_EXECUTE_EVIDENCE_COLLECTION_CREATE_RUNTIME_STATE_POPULATE_MATERIALIZE_PUBLISH_DEPLOY_OR_ACTIVATE
LSLIAE-FAIL-009	9	EXECUTOR	executor uid absent invalid or mismatched	reject whole adapter/execution transaction; before first open keep provider reads zero; after open close descriptors; emit bounded failure receipt; produce no accepted local map	ZERO_NEW_LIVE_AUTHORITY_AND_NO_RUNTIME_AUTHORITY	exact transaction-scoped draft envelope logs receipts index and archive only; never delete or mutate provider files package databases live glibc prefix generation roots or other authority state	canonical failure receipt with first failure codes read count write scope replay state and protected-state outcome when possible	CONTRACT_ONLY_NOT_RUN	SEPARATE_FUTURE_ADAPTER_IMPLEMENTATION_ACCEPTANCE_AND_EXPLICIT_EXECUTION_AUTHORIZATION_REQUIRED	CONTRACT_REVIEW_DOES_NOT_SUPPLY_OR_ACCEPT_LIVE_INPUTS_ISSUE_OR_ACTIVATE_TOKENS_PRODUCE_COORDINATES_INVOKE_THE_SYNTHETIC_IMPLEMENTATION_WITH_LIVE_INPUT_REWRITE_LIVE_PATHS_SEARCH_OPEN_OR_READ_PROVIDER_BYTES_EXECUTE_EVIDENCE_COLLECTION_CREATE_RUNTIME_STATE_POPULATE_MATERIALIZE_PUBLISH_DEPLOY_OR_ACTIVATE
LSLIAE-FAIL-010	10	TIME	not-before issuance expiry ordering or validity invalid	reject whole adapter/execution transaction; before first open keep provider reads zero; after open close descriptors; emit bounded failure receipt; produce no accepted local map	ZERO_NEW_LIVE_AUTHORITY_AND_NO_RUNTIME_AUTHORITY	exact transaction-scoped draft envelope logs receipts index and archive only; never delete or mutate provider files package databases live glibc prefix generation roots or other authority state	canonical failure receipt with first failure codes read count write scope replay state and protected-state outcome when possible	CONTRACT_ONLY_NOT_RUN	SEPARATE_FUTURE_ADAPTER_IMPLEMENTATION_ACCEPTANCE_AND_EXPLICIT_EXECUTION_AUTHORIZATION_REQUIRED	CONTRACT_REVIEW_DOES_NOT_SUPPLY_OR_ACCEPT_LIVE_INPUTS_ISSUE_OR_ACTIVATE_TOKENS_PRODUCE_COORDINATES_INVOKE_THE_SYNTHETIC_IMPLEMENTATION_WITH_LIVE_INPUT_REWRITE_LIVE_PATHS_SEARCH_OPEN_OR_READ_PROVIDER_BYTES_EXECUTE_EVIDENCE_COLLECTION_CREATE_RUNTIME_STATE_POPULATE_MATERIALIZE_PUBLISH_DEPLOY_OR_ACTIVATE
LSLIAE-FAIL-011	11	REVOCATION	revocation epoch stale future or revoked	reject whole adapter/execution transaction; before first open keep provider reads zero; after open close descriptors; emit bounded failure receipt; produce no accepted local map	ZERO_NEW_LIVE_AUTHORITY_AND_NO_RUNTIME_AUTHORITY	exact transaction-scoped draft envelope logs receipts index and archive only; never delete or mutate provider files package databases live glibc prefix generation roots or other authority state	canonical failure receipt with first failure codes read count write scope replay state and protected-state outcome when possible	CONTRACT_ONLY_NOT_RUN	SEPARATE_FUTURE_ADAPTER_IMPLEMENTATION_ACCEPTANCE_AND_EXPLICIT_EXECUTION_AUTHORIZATION_REQUIRED	CONTRACT_REVIEW_DOES_NOT_SUPPLY_OR_ACCEPT_LIVE_INPUTS_ISSUE_OR_ACTIVATE_TOKENS_PRODUCE_COORDINATES_INVOKE_THE_SYNTHETIC_IMPLEMENTATION_WITH_LIVE_INPUT_REWRITE_LIVE_PATHS_SEARCH_OPEN_OR_READ_PROVIDER_BYTES_EXECUTE_EVIDENCE_COLLECTION_CREATE_RUNTIME_STATE_POPULATE_MATERIALIZE_PUBLISH_DEPLOY_OR_ACTIVATE
LSLIAE-FAIL-012	12	REPLAY	token or execution replay tuple previously consumed	reject whole adapter/execution transaction; before first open keep provider reads zero; after open close descriptors; emit bounded failure receipt; produce no accepted local map	ZERO_NEW_LIVE_AUTHORITY_AND_NO_RUNTIME_AUTHORITY	exact transaction-scoped draft envelope logs receipts index and archive only; never delete or mutate provider files package databases live glibc prefix generation roots or other authority state	canonical failure receipt with first failure codes read count write scope replay state and protected-state outcome when possible	CONTRACT_ONLY_NOT_RUN	SEPARATE_FUTURE_ADAPTER_IMPLEMENTATION_ACCEPTANCE_AND_EXPLICIT_EXECUTION_AUTHORIZATION_REQUIRED	CONTRACT_REVIEW_DOES_NOT_SUPPLY_OR_ACCEPT_LIVE_INPUTS_ISSUE_OR_ACTIVATE_TOKENS_PRODUCE_COORDINATES_INVOKE_THE_SYNTHETIC_IMPLEMENTATION_WITH_LIVE_INPUT_REWRITE_LIVE_PATHS_SEARCH_OPEN_OR_READ_PROVIDER_BYTES_EXECUTE_EVIDENCE_COLLECTION_CREATE_RUNTIME_STATE_POPULATE_MATERIALIZE_PUBLISH_DEPLOY_OR_ACTIVATE
LSLIAE-FAIL-013	13	COORDINATE_CARDINALITY	coordinate receipt not exactly 41 rows with 10 fields	reject whole adapter/execution transaction; before first open keep provider reads zero; after open close descriptors; emit bounded failure receipt; produce no accepted local map	ZERO_NEW_LIVE_AUTHORITY_AND_NO_RUNTIME_AUTHORITY	exact transaction-scoped draft envelope logs receipts index and archive only; never delete or mutate provider files package databases live glibc prefix generation roots or other authority state	canonical failure receipt with first failure codes read count write scope replay state and protected-state outcome when possible	CONTRACT_ONLY_NOT_RUN	SEPARATE_FUTURE_ADAPTER_IMPLEMENTATION_ACCEPTANCE_AND_EXPLICIT_EXECUTION_AUTHORIZATION_REQUIRED	CONTRACT_REVIEW_DOES_NOT_SUPPLY_OR_ACCEPT_LIVE_INPUTS_ISSUE_OR_ACTIVATE_TOKENS_PRODUCE_COORDINATES_INVOKE_THE_SYNTHETIC_IMPLEMENTATION_WITH_LIVE_INPUT_REWRITE_LIVE_PATHS_SEARCH_OPEN_OR_READ_PROVIDER_BYTES_EXECUTE_EVIDENCE_COLLECTION_CREATE_RUNTIME_STATE_POPULATE_MATERIALIZE_PUBLISH_DEPLOY_OR_ACTIVATE
LSLIAE-FAIL-014	14	COORDINATE_BINDING	row id object digest size SONAME sequence authority or origin mismatch	reject whole adapter/execution transaction; before first open keep provider reads zero; after open close descriptors; emit bounded failure receipt; produce no accepted local map	ZERO_NEW_LIVE_AUTHORITY_AND_NO_RUNTIME_AUTHORITY	exact transaction-scoped draft envelope logs receipts index and archive only; never delete or mutate provider files package databases live glibc prefix generation roots or other authority state	canonical failure receipt with first failure codes read count write scope replay state and protected-state outcome when possible	CONTRACT_ONLY_NOT_RUN	SEPARATE_FUTURE_ADAPTER_IMPLEMENTATION_ACCEPTANCE_AND_EXPLICIT_EXECUTION_AUTHORIZATION_REQUIRED	CONTRACT_REVIEW_DOES_NOT_SUPPLY_OR_ACCEPT_LIVE_INPUTS_ISSUE_OR_ACTIVATE_TOKENS_PRODUCE_COORDINATES_INVOKE_THE_SYNTHETIC_IMPLEMENTATION_WITH_LIVE_INPUT_REWRITE_LIVE_PATHS_SEARCH_OPEN_OR_READ_PROVIDER_BYTES_EXECUTE_EVIDENCE_COLLECTION_CREATE_RUNTIME_STATE_POPULATE_MATERIALIZE_PUBLISH_DEPLOY_OR_ACTIVATE
LSLIAE-FAIL-015	15	PATH	path not absolute canonical literal or path text digest mismatch	reject whole adapter/execution transaction; before first open keep provider reads zero; after open close descriptors; emit bounded failure receipt; produce no accepted local map	ZERO_NEW_LIVE_AUTHORITY_AND_NO_RUNTIME_AUTHORITY	exact transaction-scoped draft envelope logs receipts index and archive only; never delete or mutate provider files package databases live glibc prefix generation roots or other authority state	canonical failure receipt with first failure codes read count write scope replay state and protected-state outcome when possible	CONTRACT_ONLY_NOT_RUN	SEPARATE_FUTURE_ADAPTER_IMPLEMENTATION_ACCEPTANCE_AND_EXPLICIT_EXECUTION_AUTHORIZATION_REQUIRED	CONTRACT_REVIEW_DOES_NOT_SUPPLY_OR_ACCEPT_LIVE_INPUTS_ISSUE_OR_ACTIVATE_TOKENS_PRODUCE_COORDINATES_INVOKE_THE_SYNTHETIC_IMPLEMENTATION_WITH_LIVE_INPUT_REWRITE_LIVE_PATHS_SEARCH_OPEN_OR_READ_PROVIDER_BYTES_EXECUTE_EVIDENCE_COLLECTION_CREATE_RUNTIME_STATE_POPULATE_MATERIALIZE_PUBLISH_DEPLOY_OR_ACTIVATE
LSLIAE-FAIL-016	16	SYNTHETIC_REWRITE	live path or origin rewritten into synthetic namespace	reject whole adapter/execution transaction; before first open keep provider reads zero; after open close descriptors; emit bounded failure receipt; produce no accepted local map	ZERO_NEW_LIVE_AUTHORITY_AND_NO_RUNTIME_AUTHORITY	exact transaction-scoped draft envelope logs receipts index and archive only; never delete or mutate provider files package databases live glibc prefix generation roots or other authority state	canonical failure receipt with first failure codes read count write scope replay state and protected-state outcome when possible	CONTRACT_ONLY_NOT_RUN	SEPARATE_FUTURE_ADAPTER_IMPLEMENTATION_ACCEPTANCE_AND_EXPLICIT_EXECUTION_AUTHORIZATION_REQUIRED	CONTRACT_REVIEW_DOES_NOT_SUPPLY_OR_ACCEPT_LIVE_INPUTS_ISSUE_OR_ACTIVATE_TOKENS_PRODUCE_COORDINATES_INVOKE_THE_SYNTHETIC_IMPLEMENTATION_WITH_LIVE_INPUT_REWRITE_LIVE_PATHS_SEARCH_OPEN_OR_READ_PROVIDER_BYTES_EXECUTE_EVIDENCE_COLLECTION_CREATE_RUNTIME_STATE_POPULATE_MATERIALIZE_PUBLISH_DEPLOY_OR_ACTIVATE
LSLIAE-FAIL-017	17	EXECUTION_AUTHORIZATION	execution authorization absent malformed unbound expired revoked replayed or wrong kind	reject whole adapter/execution transaction; before first open keep provider reads zero; after open close descriptors; emit bounded failure receipt; produce no accepted local map	ZERO_NEW_LIVE_AUTHORITY_AND_NO_RUNTIME_AUTHORITY	exact transaction-scoped draft envelope logs receipts index and archive only; never delete or mutate provider files package databases live glibc prefix generation roots or other authority state	canonical failure receipt with first failure codes read count write scope replay state and protected-state outcome when possible	CONTRACT_ONLY_NOT_RUN	SEPARATE_FUTURE_ADAPTER_IMPLEMENTATION_ACCEPTANCE_AND_EXPLICIT_EXECUTION_AUTHORIZATION_REQUIRED	CONTRACT_REVIEW_DOES_NOT_SUPPLY_OR_ACCEPT_LIVE_INPUTS_ISSUE_OR_ACTIVATE_TOKENS_PRODUCE_COORDINATES_INVOKE_THE_SYNTHETIC_IMPLEMENTATION_WITH_LIVE_INPUT_REWRITE_LIVE_PATHS_SEARCH_OPEN_OR_READ_PROVIDER_BYTES_EXECUTE_EVIDENCE_COLLECTION_CREATE_RUNTIME_STATE_POPULATE_MATERIALIZE_PUBLISH_DEPLOY_OR_ACTIVATE
LSLIAE-FAIL-018	18	EFFECT_RESOURCE_OUTPUT	effect allowlist resource cap or transaction output scope invalid	reject whole adapter/execution transaction; before first open keep provider reads zero; after open close descriptors; emit bounded failure receipt; produce no accepted local map	ZERO_NEW_LIVE_AUTHORITY_AND_NO_RUNTIME_AUTHORITY	exact transaction-scoped draft envelope logs receipts index and archive only; never delete or mutate provider files package databases live glibc prefix generation roots or other authority state	canonical failure receipt with first failure codes read count write scope replay state and protected-state outcome when possible	CONTRACT_ONLY_NOT_RUN	SEPARATE_FUTURE_ADAPTER_IMPLEMENTATION_ACCEPTANCE_AND_EXPLICIT_EXECUTION_AUTHORIZATION_REQUIRED	CONTRACT_REVIEW_DOES_NOT_SUPPLY_OR_ACCEPT_LIVE_INPUTS_ISSUE_OR_ACTIVATE_TOKENS_PRODUCE_COORDINATES_INVOKE_THE_SYNTHETIC_IMPLEMENTATION_WITH_LIVE_INPUT_REWRITE_LIVE_PATHS_SEARCH_OPEN_OR_READ_PROVIDER_BYTES_EXECUTE_EVIDENCE_COLLECTION_CREATE_RUNTIME_STATE_POPULATE_MATERIALIZE_PUBLISH_DEPLOY_OR_ACTIVATE
LSLIAE-FAIL-019	19	PROTECTED_STATE	package database live glibc prefix or registry delta violates contract	reject whole adapter/execution transaction; before first open keep provider reads zero; after open close descriptors; emit bounded failure receipt; produce no accepted local map	ZERO_NEW_LIVE_AUTHORITY_AND_NO_RUNTIME_AUTHORITY	exact transaction-scoped draft envelope logs receipts index and archive only; never delete or mutate provider files package databases live glibc prefix generation roots or other authority state	canonical failure receipt with first failure codes read count write scope replay state and protected-state outcome when possible	CONTRACT_ONLY_NOT_RUN	SEPARATE_FUTURE_ADAPTER_IMPLEMENTATION_ACCEPTANCE_AND_EXPLICIT_EXECUTION_AUTHORIZATION_REQUIRED	CONTRACT_REVIEW_DOES_NOT_SUPPLY_OR_ACCEPT_LIVE_INPUTS_ISSUE_OR_ACTIVATE_TOKENS_PRODUCE_COORDINATES_INVOKE_THE_SYNTHETIC_IMPLEMENTATION_WITH_LIVE_INPUT_REWRITE_LIVE_PATHS_SEARCH_OPEN_OR_READ_PROVIDER_BYTES_EXECUTE_EVIDENCE_COLLECTION_CREATE_RUNTIME_STATE_POPULATE_MATERIALIZE_PUBLISH_DEPLOY_OR_ACTIVATE
LSLIAE-FAIL-020	20	RESULT_DELIVERY	canonical result failure receipt index archive or upload failed	reject whole adapter/execution transaction; before first open keep provider reads zero; after open close descriptors; emit bounded failure receipt; produce no accepted local map	ZERO_NEW_LIVE_AUTHORITY_AND_NO_RUNTIME_AUTHORITY	exact transaction-scoped draft envelope logs receipts index and archive only; never delete or mutate provider files package databases live glibc prefix generation roots or other authority state	canonical failure receipt with first failure codes read count write scope replay state and protected-state outcome when possible	CONTRACT_ONLY_NOT_RUN	SEPARATE_FUTURE_ADAPTER_IMPLEMENTATION_ACCEPTANCE_AND_EXPLICIT_EXECUTION_AUTHORIZATION_REQUIRED	CONTRACT_REVIEW_DOES_NOT_SUPPLY_OR_ACCEPT_LIVE_INPUTS_ISSUE_OR_ACTIVATE_TOKENS_PRODUCE_COORDINATES_INVOKE_THE_SYNTHETIC_IMPLEMENTATION_WITH_LIVE_INPUT_REWRITE_LIVE_PATHS_SEARCH_OPEN_OR_READ_PROVIDER_BYTES_EXECUTE_EVIDENCE_COLLECTION_CREATE_RUNTIME_STATE_POPULATE_MATERIALIZE_PUBLISH_DEPLOY_OR_ACTIVATE
