state_id	sequence	state_name	entry_requirement	permitted_effect	success_transition	failure_transition	resume_rule	current_state	authority_gate	prohibited_inference
LSME-ST-001	1	INIT	package and exact design artifacts verified	no provider or path read	AUTHORIZATION_VERIFIED	REJECTED	resume only from exact transaction id and digest-bound state receipt; otherwise restart before provider reads	DESIGN_ONLY_NOT_RUN	SEPARATE_FUTURE_READ_ONLY_EVIDENCE_EXECUTION_AUTHORIZATION_REQUIRED	DESIGN_DOES_NOT_AUTHORIZE_PATH_DISCOVERY_PROVIDER_OR_RESULT_DOWNLOAD_ARCHIVE_OR_PACKAGE_EXTRACTION_BYTE_READ_LOCAL_MAP_ACCEPTANCE_EXECUTION_ROOT_CREATION_POPULATION_MATERIALIZATION_PUBLICATION_DEPLOYMENT_OR_ACTIVATION
LSME-ST-002	2	AUTHORIZATION_VERIFIED	separate token exact and unexpired	metadata reads only	BASELINE_VERIFIED	REJECTED	resume only from exact transaction id and digest-bound state receipt; otherwise restart before provider reads	DESIGN_ONLY_NOT_RUN	SEPARATE_FUTURE_READ_ONLY_EVIDENCE_EXECUTION_AUTHORIZATION_REQUIRED	DESIGN_DOES_NOT_AUTHORIZE_PATH_DISCOVERY_PROVIDER_OR_RESULT_DOWNLOAD_ARCHIVE_OR_PACKAGE_EXTRACTION_BYTE_READ_LOCAL_MAP_ACCEPTANCE_EXECUTION_ROOT_CREATION_POPULATION_MATERIALIZATION_PUBLICATION_DEPLOYMENT_OR_ACTIVATION
LSME-ST-003	3	BASELINE_VERIFIED	repository and remote exact	contract reads only	CONTRACT_VERIFIED	REJECTED	resume only from exact transaction id and digest-bound state receipt; otherwise restart before provider reads	DESIGN_ONLY_NOT_RUN	SEPARATE_FUTURE_READ_ONLY_EVIDENCE_EXECUTION_AUTHORIZATION_REQUIRED	DESIGN_DOES_NOT_AUTHORIZE_PATH_DISCOVERY_PROVIDER_OR_RESULT_DOWNLOAD_ARCHIVE_OR_PACKAGE_EXTRACTION_BYTE_READ_LOCAL_MAP_ACCEPTANCE_EXECUTION_ROOT_CREATION_POPULATION_MATERIALIZATION_PUBLICATION_DEPLOYMENT_OR_ACTIVATION
LSME-ST-004	4	CONTRACT_VERIFIED	accepted digests and 41/24 counts exact	coordinate receipt parse only	COORDINATES_VERIFIED	REJECTED	resume only from exact transaction id and digest-bound state receipt; otherwise restart before provider reads	DESIGN_ONLY_NOT_RUN	SEPARATE_FUTURE_READ_ONLY_EVIDENCE_EXECUTION_AUTHORIZATION_REQUIRED	DESIGN_DOES_NOT_AUTHORIZE_PATH_DISCOVERY_PROVIDER_OR_RESULT_DOWNLOAD_ARCHIVE_OR_PACKAGE_EXTRACTION_BYTE_READ_LOCAL_MAP_ACCEPTANCE_EXECUTION_ROOT_CREATION_POPULATION_MATERIALIZATION_PUBLICATION_DEPLOYMENT_OR_ACTIVATION
LSME-ST-005	5	COORDINATES_VERIFIED	41 explicit rows no search inference	protected snapshot only	PROTECTED_BEFORE	REJECTED	resume only from exact transaction id and digest-bound state receipt; otherwise restart before provider reads	DESIGN_ONLY_NOT_RUN	SEPARATE_FUTURE_READ_ONLY_EVIDENCE_EXECUTION_AUTHORIZATION_REQUIRED	DESIGN_DOES_NOT_AUTHORIZE_PATH_DISCOVERY_PROVIDER_OR_RESULT_DOWNLOAD_ARCHIVE_OR_PACKAGE_EXTRACTION_BYTE_READ_LOCAL_MAP_ACCEPTANCE_EXECUTION_ROOT_CREATION_POPULATION_MATERIALIZATION_PUBLICATION_DEPLOYMENT_OR_ACTIVATION
LSME-ST-006	6	PROTECTED_BEFORE	protected metadata snapshot complete	authorized row reads may begin	ROW_VALIDATION	REJECTED	resume only from exact transaction id and digest-bound state receipt; otherwise restart before provider reads	DESIGN_ONLY_NOT_RUN	SEPARATE_FUTURE_READ_ONLY_EVIDENCE_EXECUTION_AUTHORIZATION_REQUIRED	DESIGN_DOES_NOT_AUTHORIZE_PATH_DISCOVERY_PROVIDER_OR_RESULT_DOWNLOAD_ARCHIVE_OR_PACKAGE_EXTRACTION_BYTE_READ_LOCAL_MAP_ACCEPTANCE_EXECUTION_ROOT_CREATION_POPULATION_MATERIALIZATION_PUBLICATION_DEPLOYMENT_OR_ACTIVATION
LSME-ST-007	7	ROW_VALIDATION	all 41 rows processed in contract order	bounded nofollow reads and row receipts	ATOMIC_FAMILY_VERIFIED	REJECTED	resume only from exact transaction id and digest-bound state receipt; otherwise restart before provider reads	DESIGN_ONLY_NOT_RUN	SEPARATE_FUTURE_READ_ONLY_EVIDENCE_EXECUTION_AUTHORIZATION_REQUIRED	DESIGN_DOES_NOT_AUTHORIZE_PATH_DISCOVERY_PROVIDER_OR_RESULT_DOWNLOAD_ARCHIVE_OR_PACKAGE_EXTRACTION_BYTE_READ_LOCAL_MAP_ACCEPTANCE_EXECUTION_ROOT_CREATION_POPULATION_MATERIALIZATION_PUBLICATION_DEPLOYMENT_OR_ACTIVATION
LSME-ST-008	8	ATOMIC_FAMILY_VERIFIED	four atomic families complete	canonical receipt serialization	RECEIPT_SERIALIZED	REJECTED	resume only from exact transaction id and digest-bound state receipt; otherwise restart before provider reads	DESIGN_ONLY_NOT_RUN	SEPARATE_FUTURE_READ_ONLY_EVIDENCE_EXECUTION_AUTHORIZATION_REQUIRED	DESIGN_DOES_NOT_AUTHORIZE_PATH_DISCOVERY_PROVIDER_OR_RESULT_DOWNLOAD_ARCHIVE_OR_PACKAGE_EXTRACTION_BYTE_READ_LOCAL_MAP_ACCEPTANCE_EXECUTION_ROOT_CREATION_POPULATION_MATERIALIZATION_PUBLICATION_DEPLOYMENT_OR_ACTIVATION
LSME-ST-009	9	RECEIPT_SERIALIZED	candidate receipt canonical and <=1MiB	protected after snapshot	PROTECTED_AFTER	REJECTED	resume only from exact transaction id and digest-bound state receipt; otherwise restart before provider reads	DESIGN_ONLY_NOT_RUN	SEPARATE_FUTURE_READ_ONLY_EVIDENCE_EXECUTION_AUTHORIZATION_REQUIRED	DESIGN_DOES_NOT_AUTHORIZE_PATH_DISCOVERY_PROVIDER_OR_RESULT_DOWNLOAD_ARCHIVE_OR_PACKAGE_EXTRACTION_BYTE_READ_LOCAL_MAP_ACCEPTANCE_EXECUTION_ROOT_CREATION_POPULATION_MATERIALIZATION_PUBLICATION_DEPLOYMENT_OR_ACTIVATION
LSME-ST-010	10	PROTECTED_AFTER	after snapshot complete	invariance comparison	INVARIANCE_VERIFIED	REJECTED	resume only from exact transaction id and digest-bound state receipt; otherwise restart before provider reads	DESIGN_ONLY_NOT_RUN	SEPARATE_FUTURE_READ_ONLY_EVIDENCE_EXECUTION_AUTHORIZATION_REQUIRED	DESIGN_DOES_NOT_AUTHORIZE_PATH_DISCOVERY_PROVIDER_OR_RESULT_DOWNLOAD_ARCHIVE_OR_PACKAGE_EXTRACTION_BYTE_READ_LOCAL_MAP_ACCEPTANCE_EXECUTION_ROOT_CREATION_POPULATION_MATERIALIZATION_PUBLICATION_DEPLOYMENT_OR_ACTIVATION
LSME-ST-011	11	INVARIANCE_VERIFIED	protected state identical	result indexing/archive only	RESULT_ARCHIVED	REJECTED	resume only from exact transaction id and digest-bound state receipt; otherwise restart before provider reads	DESIGN_ONLY_NOT_RUN	SEPARATE_FUTURE_READ_ONLY_EVIDENCE_EXECUTION_AUTHORIZATION_REQUIRED	DESIGN_DOES_NOT_AUTHORIZE_PATH_DISCOVERY_PROVIDER_OR_RESULT_DOWNLOAD_ARCHIVE_OR_PACKAGE_EXTRACTION_BYTE_READ_LOCAL_MAP_ACCEPTANCE_EXECUTION_ROOT_CREATION_POPULATION_MATERIALIZATION_PUBLICATION_DEPLOYMENT_OR_ACTIVATION
LSME-ST-012	12	RESULT_ARCHIVED	result index and archive complete	result upload only	RESULT_UPLOADED	REJECTED	resume only from exact transaction id and digest-bound state receipt; otherwise restart before provider reads	DESIGN_ONLY_NOT_RUN	SEPARATE_FUTURE_READ_ONLY_EVIDENCE_EXECUTION_AUTHORIZATION_REQUIRED	DESIGN_DOES_NOT_AUTHORIZE_PATH_DISCOVERY_PROVIDER_OR_RESULT_DOWNLOAD_ARCHIVE_OR_PACKAGE_EXTRACTION_BYTE_READ_LOCAL_MAP_ACCEPTANCE_EXECUTION_ROOT_CREATION_POPULATION_MATERIALIZATION_PUBLICATION_DEPLOYMENT_OR_ACTIVATION
LSME-ST-013	13	RESULT_UPLOADED	remote result coordinate verified	candidate finalization only	QUALIFIED_CANDIDATE	REJECTED	resume only from exact transaction id and digest-bound state receipt; otherwise restart before provider reads	DESIGN_ONLY_NOT_RUN	SEPARATE_FUTURE_READ_ONLY_EVIDENCE_EXECUTION_AUTHORIZATION_REQUIRED	DESIGN_DOES_NOT_AUTHORIZE_PATH_DISCOVERY_PROVIDER_OR_RESULT_DOWNLOAD_ARCHIVE_OR_PACKAGE_EXTRACTION_BYTE_READ_LOCAL_MAP_ACCEPTANCE_EXECUTION_ROOT_CREATION_POPULATION_MATERIALIZATION_PUBLICATION_DEPLOYMENT_OR_ACTIVATION
LSME-ST-014	14	QUALIFIED_CANDIDATE	all gates pass	emit non-accepted evidence candidate	FINALIZED	REJECTED	resume only from exact transaction id and digest-bound state receipt; otherwise restart before provider reads	DESIGN_ONLY_NOT_RUN	SEPARATE_FUTURE_READ_ONLY_EVIDENCE_EXECUTION_AUTHORIZATION_REQUIRED	DESIGN_DOES_NOT_AUTHORIZE_PATH_DISCOVERY_PROVIDER_OR_RESULT_DOWNLOAD_ARCHIVE_OR_PACKAGE_EXTRACTION_BYTE_READ_LOCAL_MAP_ACCEPTANCE_EXECUTION_ROOT_CREATION_POPULATION_MATERIALIZATION_PUBLICATION_DEPLOYMENT_OR_ACTIVATION
LSME-ST-015	15	REJECTED	any gate failed	failure receipt and bounded logs only	FINALIZED	FINALIZED	resume only from exact transaction id and digest-bound state receipt; otherwise restart before provider reads	DESIGN_ONLY_NOT_RUN	SEPARATE_FUTURE_READ_ONLY_EVIDENCE_EXECUTION_AUTHORIZATION_REQUIRED	DESIGN_DOES_NOT_AUTHORIZE_PATH_DISCOVERY_PROVIDER_OR_RESULT_DOWNLOAD_ARCHIVE_OR_PACKAGE_EXTRACTION_BYTE_READ_LOCAL_MAP_ACCEPTANCE_EXECUTION_ROOT_CREATION_POPULATION_MATERIALIZATION_PUBLICATION_DEPLOYMENT_OR_ACTIVATION
LSME-ST-016	16	FINALIZED	status and result archive finalized	none	FINALIZED	FINALIZED	resume only from exact transaction id and digest-bound state receipt; otherwise restart before provider reads	DESIGN_ONLY_NOT_RUN	SEPARATE_FUTURE_READ_ONLY_EVIDENCE_EXECUTION_AUTHORIZATION_REQUIRED	DESIGN_DOES_NOT_AUTHORIZE_PATH_DISCOVERY_PROVIDER_OR_RESULT_DOWNLOAD_ARCHIVE_OR_PACKAGE_EXTRACTION_BYTE_READ_LOCAL_MAP_ACCEPTANCE_EXECUTION_ROOT_CREATION_POPULATION_MATERIALIZATION_PUBLICATION_DEPLOYMENT_OR_ACTIVATION
