check_id	sequence	category	subject	required_rule	pass_evidence	failure_code	timing	current_execution_state	authority_effect	prohibited_inference
MAT-PREF-001	1	AUTHORIZATION	EXECUTION_AUTHORIZATION_TOKEN	SEPARATE_ACCEPTED_TOKEN_BINDS_DESIGN_JSON_SHA_AUTHORITY_SNAPSHOT_GENERATION_ID_ALLOWED_EFFECTS_AND_EXPIRY	SIGNED_OR_REPOSITORY_ACCEPTED_EXECUTION_AUTHORIZATION_RECEIPT	EXECUTION_AUTHORIZATION_MISSING_OR_MISMATCH	BEFORE_FIRST_MUTATING_OPERATION_AND_RECHECK_BEFORE_PUBLICATION_WHERE_APPLICABLE	NOT_RUN_DESIGN_ONLY	READ_ONLY_PREFLIGHT_CONTRACT_ONLY	PREFLIGHT_CONTRACT_OR_FUTURE_PASS_DOES_NOT_BY_ITSELF_AUTHORIZE_BYTE_ACQUISITION_ROOT_CREATION_POPULATION_PUBLICATION_DEPLOYMENT_OR_ACTIVATION
MAT-PREF-002	2	ROOT_PATH	GENERATION_BASE	EXACT_ABSOLUTE_PATH_/data/data/com.termux/files/home/.local/state/termux-native-desktop/selected-provider-runtime_NO_NORMALIZATION_DRIFT	CANONICAL_PATH_STRING_AND_LSTAT_CHAIN	GENERATION_ROOT_PATH_MISMATCH	BEFORE_FIRST_MUTATING_OPERATION_AND_RECHECK_BEFORE_PUBLICATION_WHERE_APPLICABLE	NOT_RUN_DESIGN_ONLY	READ_ONLY_PREFLIGHT_CONTRACT_ONLY	PREFLIGHT_CONTRACT_OR_FUTURE_PASS_DOES_NOT_BY_ITSELF_AUTHORIZE_BYTE_ACQUISITION_ROOT_CREATION_POPULATION_PUBLICATION_DEPLOYMENT_OR_ACTIVATION
MAT-PREF-003	3	PROTECTED_PATHS	GENERATION_BASE_AND_ALL_DESCENDANTS	DISJOINT_FROM_PREFIX_HOME_GL_REPOSITORY_PACKAGE_DATABASES_AND_LIVE_GLIBC_PREFIX	REALPATH_FREE_COMPONENT_COMPARISON_AND_PROTECTED_SNAPSHOT	PROTECTED_PATH_OVERLAP	BEFORE_FIRST_MUTATING_OPERATION_AND_RECHECK_BEFORE_PUBLICATION_WHERE_APPLICABLE	NOT_RUN_DESIGN_ONLY	READ_ONLY_PREFLIGHT_CONTRACT_ONLY	PREFLIGHT_CONTRACT_OR_FUTURE_PASS_DOES_NOT_BY_ITSELF_AUTHORIZE_BYTE_ACQUISITION_ROOT_CREATION_POPULATION_PUBLICATION_DEPLOYMENT_OR_ACTIVATION
MAT-PREF-004	4	SYMLINK_SAFETY	ALL_EXISTING_ANCESTORS_AND_LOCAL_INPUTS	LSTAT_EACH_COMPONENT_NO_SYMLINK_NO_MAGICLINK_NO_DOTDOT	DEVICE_INODE_MODE_UID_COMPONENT_RECEIPT	SYMLINK_OR_UNSAFE_COMPONENT	BEFORE_FIRST_MUTATING_OPERATION_AND_RECHECK_BEFORE_PUBLICATION_WHERE_APPLICABLE	NOT_RUN_DESIGN_ONLY	READ_ONLY_PREFLIGHT_CONTRACT_ONLY	PREFLIGHT_CONTRACT_OR_FUTURE_PASS_DOES_NOT_BY_ITSELF_AUTHORIZE_BYTE_ACQUISITION_ROOT_CREATION_POPULATION_PUBLICATION_DEPLOYMENT_OR_ACTIVATION
MAT-PREF-005	5	OWNERSHIP_MODE	ROOT_LAYOUT_AND_EXISTING_OBJECTS	CURRENT_UID_OWNER_ROOT_AND_MUTABLE_DIRS_0700_FINAL_OBJECTS_0444_SEALED_GENERATION_DIRS_0555_NO_SETUID_SETGID_OR_WORLD_WRITE	LSTAT_MODE_UID_GID_RECEIPT	OWNER_OR_MODE_POLICY_FAILURE	BEFORE_FIRST_MUTATING_OPERATION_AND_RECHECK_BEFORE_PUBLICATION_WHERE_APPLICABLE	NOT_RUN_DESIGN_ONLY	READ_ONLY_PREFLIGHT_CONTRACT_ONLY	PREFLIGHT_CONTRACT_OR_FUTURE_PASS_DOES_NOT_BY_ITSELF_AUTHORIZE_BYTE_ACQUISITION_ROOT_CREATION_POPULATION_PUBLICATION_DEPLOYMENT_OR_ACTIVATION
MAT-PREF-006	6	FILESYSTEM_DEVICE	OBJECTS_STAGING_GENERATIONS_RECEIPTS_LOCKS_AND_SELECTOR_PARENT	ALL_ST_DEV_EQUAL	LSTAT_ST_DEV_VALUES	CROSS_DEVICE_ATOMICITY_UNAVAILABLE	BEFORE_FIRST_MUTATING_OPERATION_AND_RECHECK_BEFORE_PUBLICATION_WHERE_APPLICABLE	NOT_RUN_DESIGN_ONLY	READ_ONLY_PREFLIGHT_CONTRACT_ONLY	PREFLIGHT_CONTRACT_OR_FUTURE_PASS_DOES_NOT_BY_ITSELF_AUTHORIZE_BYTE_ACQUISITION_ROOT_CREATION_POPULATION_PUBLICATION_DEPLOYMENT_OR_ACTIVATION
MAT-PREF-007	7	FREE_SPACE	GENERATION_FILESYSTEM	STATVFS_AVAILABLE_BYTES_AT_LEAST_59142800	F_BAVAIL_TIMES_F_FRSIZE_AND_REQUIRED_BYTES	INSUFFICIENT_FREE_SPACE	BEFORE_FIRST_MUTATING_OPERATION_AND_RECHECK_BEFORE_PUBLICATION_WHERE_APPLICABLE	NOT_RUN_DESIGN_ONLY	READ_ONLY_PREFLIGHT_CONTRACT_ONLY	PREFLIGHT_CONTRACT_OR_FUTURE_PASS_DOES_NOT_BY_ITSELF_AUTHORIZE_BYTE_ACQUISITION_ROOT_CREATION_POPULATION_PUBLICATION_DEPLOYMENT_OR_ACTIVATION
MAT-PREF-008	8	HARDLINK_CAPABILITY	OBJECT_STORE_TO_STAGING_GENERATION	SAME_DEVICE_HARDLINK_SUPPORTED_NO_COPY_FALLBACK	BOUNDED_TEMP_PROBE_ONLY_AFTER_EXECUTION_AUTHORIZATION_OR_FILESYSTEM_CAPABILITY_RECEIPT	HARDLINK_CAPABILITY_MISSING	BEFORE_FIRST_MUTATING_OPERATION_AND_RECHECK_BEFORE_PUBLICATION_WHERE_APPLICABLE	NOT_RUN_DESIGN_ONLY	READ_ONLY_PREFLIGHT_CONTRACT_ONLY	PREFLIGHT_CONTRACT_OR_FUTURE_PASS_DOES_NOT_BY_ITSELF_AUTHORIZE_BYTE_ACQUISITION_ROOT_CREATION_POPULATION_PUBLICATION_DEPLOYMENT_OR_ACTIVATION
MAT-PREF-009	9	ATOMIC_RENAME	STAGING_GENERATIONS_RECEIPTS_AND_SELECTOR_PARENT	SAME_DEVICE_ATOMIC_NOREPLACE_RENAME_SUPPORTED	FILESYSTEM_CAPABILITY_RECEIPT	ATOMIC_RENAME_CAPABILITY_MISSING	BEFORE_FIRST_MUTATING_OPERATION_AND_RECHECK_BEFORE_PUBLICATION_WHERE_APPLICABLE	NOT_RUN_DESIGN_ONLY	READ_ONLY_PREFLIGHT_CONTRACT_ONLY	PREFLIGHT_CONTRACT_OR_FUTURE_PASS_DOES_NOT_BY_ITSELF_AUTHORIZE_BYTE_ACQUISITION_ROOT_CREATION_POPULATION_PUBLICATION_DEPLOYMENT_OR_ACTIVATION
MAT-PREF-010	10	LOCK	locks/materialize.lock	REGULAR_NOFOLLOW_CURRENT_UID_NOT_WORLD_WRITABLE_EXCLUSIVE_FCNTL_LOCK	LOCK_FILE_DEVICE_INODE_UID_MODE_AND_OWNER_PID_METADATA	LOCK_BUSY_OR_UNSAFE	BEFORE_FIRST_MUTATING_OPERATION_AND_RECHECK_BEFORE_PUBLICATION_WHERE_APPLICABLE	NOT_RUN_DESIGN_ONLY	READ_ONLY_PREFLIGHT_CONTRACT_ONLY	PREFLIGHT_CONTRACT_OR_FUTURE_PASS_DOES_NOT_BY_ITSELF_AUTHORIZE_BYTE_ACQUISITION_ROOT_CREATION_POPULATION_PUBLICATION_DEPLOYMENT_OR_ACTIVATION
MAT-PREF-011	11	SUPPLY_LOCALIZATION	41_ROW_LOCAL_READ_ONLY_SUPPLY_MAP	EXACTLY_41_UNIQUE_MEMBER_SHA_ROWS_EACH_BOUND_TO_REGULAR_NOFOLLOW_LOCAL_RESULT_PATH	LOCALIZATION_RECEIPT_SHA_AND_ROW_COUNT	LOCALIZATION_INCOMPLETE_OR_DUPLICATE	BEFORE_FIRST_MUTATING_OPERATION_AND_RECHECK_BEFORE_PUBLICATION_WHERE_APPLICABLE	NOT_RUN_DESIGN_ONLY	READ_ONLY_PREFLIGHT_CONTRACT_ONLY	PREFLIGHT_CONTRACT_OR_FUTURE_PASS_DOES_NOT_BY_ITSELF_AUTHORIZE_BYTE_ACQUISITION_ROOT_CREATION_POPULATION_PUBLICATION_DEPLOYMENT_OR_ACTIVATION
MAT-PREF-012	12	SUPPLY_OUTER_DIGEST	LOCAL_RESULT_ARCHIVES	OUTER_SHA256_EQUALS_OBJECT_PLAN_SUPPLY_RESULT_SHA_OR_ACCEPTED_EXISTING_AUTHORITY_DIGEST	PER_INPUT_SHA256_RECEIPT	SUPPLY_RESULT_SHA_MISMATCH	BEFORE_FIRST_MUTATING_OPERATION_AND_RECHECK_BEFORE_PUBLICATION_WHERE_APPLICABLE	NOT_RUN_DESIGN_ONLY	READ_ONLY_PREFLIGHT_CONTRACT_ONLY	PREFLIGHT_CONTRACT_OR_FUTURE_PASS_DOES_NOT_BY_ITSELF_AUTHORIZE_BYTE_ACQUISITION_ROOT_CREATION_POPULATION_PUBLICATION_DEPLOYMENT_OR_ACTIVATION
MAT-PREF-013	13	SUPPLY_RESULT_INDEX	LOCAL_RESULT_ARCHIVES_OR_APPEND_ONLY_RECEIPTS	RESULT_INDEX_OR_ACCEPTED_APPEND_ONLY_INDEX_DIGEST_MATCHES_OBJECT_PLAN	INDEX_SHA_AND_MEMBER_PATH_RECEIPT	SUPPLY_RESULT_INDEX_MISMATCH	BEFORE_FIRST_MUTATING_OPERATION_AND_RECHECK_BEFORE_PUBLICATION_WHERE_APPLICABLE	NOT_RUN_DESIGN_ONLY	READ_ONLY_PREFLIGHT_CONTRACT_ONLY	PREFLIGHT_CONTRACT_OR_FUTURE_PASS_DOES_NOT_BY_ITSELF_AUTHORIZE_BYTE_ACQUISITION_ROOT_CREATION_POPULATION_PUBLICATION_DEPLOYMENT_OR_ACTIVATION
MAT-PREF-014	14	CONTAINER_LOCATOR	ARTIFACT_AND_MEMBER_EVIDENCE_PATHS	EXACT_CONTAINER_CHAIN_AND_REGULAR_MEMBER_LOCATOR_RESOLVES_ONE_MEMBER_WITHOUT_WHOLE_ARCHIVE_EXTRACTION	DECODER_CLASS_MEMBER_PATH_AND_TYPE_RECEIPT	MEMBER_LOCATOR_AMBIGUOUS_OR_MISSING	BEFORE_FIRST_MUTATING_OPERATION_AND_RECHECK_BEFORE_PUBLICATION_WHERE_APPLICABLE	NOT_RUN_DESIGN_ONLY	READ_ONLY_PREFLIGHT_CONTRACT_ONLY	PREFLIGHT_CONTRACT_OR_FUTURE_PASS_DOES_NOT_BY_ITSELF_AUTHORIZE_BYTE_ACQUISITION_ROOT_CREATION_POPULATION_PUBLICATION_DEPLOYMENT_OR_ACTIVATION
MAT-PREF-015	15	TARGET_POLICY	82_ROW_TARGET_MANIFEST	EXACT_41_REGULAR_41_ALIAS_ZERO_COLLISIONS_ZERO_UNRESOLVED_AND_ALL_RELATIVE_NORMALIZED	TARGET_POLICY_SOURCE_DIGESTS_AND_COUNTS	TARGET_POLICY_DRIFT	BEFORE_FIRST_MUTATING_OPERATION_AND_RECHECK_BEFORE_PUBLICATION_WHERE_APPLICABLE	NOT_RUN_DESIGN_ONLY	READ_ONLY_PREFLIGHT_CONTRACT_ONLY	PREFLIGHT_CONTRACT_OR_FUTURE_PASS_DOES_NOT_BY_ITSELF_AUTHORIZE_BYTE_ACQUISITION_ROOT_CREATION_POPULATION_PUBLICATION_DEPLOYMENT_OR_ACTIVATION
MAT-PREF-016	16	ATOMIC_FAMILIES	ATSPI2_CAIRO_PANGO_GDK_GTK	EXACT_MEMBER_COUNTS_3_2_3_2_AND_ALL_MEMBER_ROWS_PRESENT	ATOMIC_FAMILY_ROW_SET_DIGEST	PARTIAL_ATOMIC_FAMILY	BEFORE_FIRST_MUTATING_OPERATION_AND_RECHECK_BEFORE_PUBLICATION_WHERE_APPLICABLE	NOT_RUN_DESIGN_ONLY	READ_ONLY_PREFLIGHT_CONTRACT_ONLY	PREFLIGHT_CONTRACT_OR_FUTURE_PASS_DOES_NOT_BY_ITSELF_AUTHORIZE_BYTE_ACQUISITION_ROOT_CREATION_POPULATION_PUBLICATION_DEPLOYMENT_OR_ACTIVATION
MAT-PREF-017	17	RECEIPT_CAP	CANONICAL_RECEIPT	RESERVATION_1048576_BYTES_ABORT_BEFORE_PUBLICATION_ON_OVERFLOW	PROTOTYPE_SHA_SIZE_AND_RUNTIME_CANONICAL_SIZE	RECEIPT_RESERVATION_OVERFLOW	BEFORE_FIRST_MUTATING_OPERATION_AND_RECHECK_BEFORE_PUBLICATION_WHERE_APPLICABLE	NOT_RUN_DESIGN_ONLY	READ_ONLY_PREFLIGHT_CONTRACT_ONLY	PREFLIGHT_CONTRACT_OR_FUTURE_PASS_DOES_NOT_BY_ITSELF_AUTHORIZE_BYTE_ACQUISITION_ROOT_CREATION_POPULATION_PUBLICATION_DEPLOYMENT_OR_ACTIVATION
MAT-PREF-018	18	CURRENT_GENERATION	current_AND_previous_SELECTORS	RELATIVE_SYMLINKS_ONLY_TARGET_COMPLETE_RECEIPT_VERIFIED_GENERATIONS_NO_ACTIVE_GENERATION_MUTATION	SELECTOR_LSTAT_TARGET_AND_RECEIPT_DIGEST	SELECTOR_OR_ACTIVE_GENERATION_UNSAFE	BEFORE_FIRST_MUTATING_OPERATION_AND_RECHECK_BEFORE_PUBLICATION_WHERE_APPLICABLE	NOT_RUN_DESIGN_ONLY	READ_ONLY_PREFLIGHT_CONTRACT_ONLY	PREFLIGHT_CONTRACT_OR_FUTURE_PASS_DOES_NOT_BY_ITSELF_AUTHORIZE_BYTE_ACQUISITION_ROOT_CREATION_POPULATION_PUBLICATION_DEPLOYMENT_OR_ACTIVATION
MAT-PREF-019	19	ORPHAN_POLICY	STAGING_TEMP_OBJECTS_UNSELECTED_GENERATIONS_AND_TEMP_SELECTORS	ENUMERATE_AND_CLASSIFY_NO_AUTOMATIC_DELETE_OUTSIDE_EXACT_TRANSACTION_ID	ORPHAN_REPORT	UNKNOWN_ORPHAN_REQUIRES_OPERATOR_REVIEW	BEFORE_FIRST_MUTATING_OPERATION_AND_RECHECK_BEFORE_PUBLICATION_WHERE_APPLICABLE	NOT_RUN_DESIGN_ONLY	READ_ONLY_PREFLIGHT_CONTRACT_ONLY	PREFLIGHT_CONTRACT_OR_FUTURE_PASS_DOES_NOT_BY_ITSELF_AUTHORIZE_BYTE_ACQUISITION_ROOT_CREATION_POPULATION_PUBLICATION_DEPLOYMENT_OR_ACTIVATION
MAT-PREF-020	20	PROTECTED_INVARIANCE	PACKAGE_DATABASES_AND_LIVE_GLIBC_PREFIX	PRE_SNAPSHOT_COMPLETE_AND_POST_COMPARISON_REQUIRED	PROTECTED_BEFORE_JSON	PROTECTED_SNAPSHOT_FAILURE	BEFORE_FIRST_MUTATING_OPERATION_AND_RECHECK_BEFORE_PUBLICATION_WHERE_APPLICABLE	NOT_RUN_DESIGN_ONLY	READ_ONLY_PREFLIGHT_CONTRACT_ONLY	PREFLIGHT_CONTRACT_OR_FUTURE_PASS_DOES_NOT_BY_ITSELF_AUTHORIZE_BYTE_ACQUISITION_ROOT_CREATION_POPULATION_PUBLICATION_DEPLOYMENT_OR_ACTIVATION
