issuance_id	request_id	root_review_id	recipe_root	recipe_tree	requirement_id	record_name	record_format	mandatory_fields	cross_record_binding	issued_request_locator	response_drop_locator	record_state	acceptance_state	claim_boundary
SUP02-ISSUE-0263d4b55d6a43edad7b	SUP02-CER-0263d4b55d6a43edad7b	generic-root-review:0263d4b55d6a43edad7b	gpkg/libcairo	b80a0990d43609e09f1480394225d2b068ce5881	BA-001	build-invocation-record.json	JSON_OBJECT	schema_version;request_id;root_review_id;recipe_root;recipe_tree;build_run_id;build_started_at_utc;build_finished_at_utc;working_directory;invocation_argv;input_source_digests;build_script_digest;custodian_identity;immutable_locator_or_signed_envelope	request_id;root_review_id;recipe_tree;build_run_id;custodian_identity;immutable_locator_or_signed_envelope	custodian-export-request-issuance.tsv#request_id=SUP02-CER-0263d4b55d6a43edad7b	evidence-supply/responses/SUP-02/SUP02-CER-0263d4b55d6a43edad7b/	ISSUED_REQUIRED_NOT_SUPPLIED	OPEN_NO_ACCEPTANCE	CUSTODIAN_EXPORT_REQUEST_ISSUANCE_ONLY_NO_RESPONSE_BUILD_ATTESTATION_OR_AUTHORITY_EFFECT
SUP02-ISSUE-0263d4b55d6a43edad7b	SUP02-CER-0263d4b55d6a43edad7b	generic-root-review:0263d4b55d6a43edad7b	gpkg/libcairo	b80a0990d43609e09f1480394225d2b068ce5881	BA-002	build-environment-record.json	JSON_OBJECT	schema_version;request_id;root_review_id;recipe_tree;build_run_id;host_os;host_kernel;host_arch;toolchain_components;toolchain_digests;dependency_lock_or_snapshot;container_or_vm_image_digest;relevant_environment;source_date_epoch;custodian_identity;immutable_locator_or_signed_envelope	request_id;root_review_id;recipe_tree;build_run_id;custodian_identity;immutable_locator_or_signed_envelope	custodian-export-request-issuance.tsv#request_id=SUP02-CER-0263d4b55d6a43edad7b	evidence-supply/responses/SUP-02/SUP02-CER-0263d4b55d6a43edad7b/	ISSUED_REQUIRED_NOT_SUPPLIED	OPEN_NO_ACCEPTANCE	CUSTODIAN_EXPORT_REQUEST_ISSUANCE_ONLY_NO_RESPONSE_BUILD_ATTESTATION_OR_AUTHORITY_EFFECT
SUP02-ISSUE-0263d4b55d6a43edad7b	SUP02-CER-0263d4b55d6a43edad7b	generic-root-review:0263d4b55d6a43edad7b	gpkg/libcairo	b80a0990d43609e09f1480394225d2b068ce5881	BA-003	build-output-manifest.tsv	TSV_WITH_ROWS	request_id;root_review_id;recipe_root;recipe_tree;build_run_id;package_name;package_version;package_revision;artifact_path;artifact_sha256;member_path;member_sha256;member_elf_soname;custodian_identity;immutable_locator_or_signed_envelope	request_id;root_review_id;recipe_tree;build_run_id;custodian_identity;immutable_locator_or_signed_envelope	custodian-export-request-issuance.tsv#request_id=SUP02-CER-0263d4b55d6a43edad7b	evidence-supply/responses/SUP-02/SUP02-CER-0263d4b55d6a43edad7b/	ISSUED_REQUIRED_NOT_SUPPLIED	OPEN_NO_ACCEPTANCE	CUSTODIAN_EXPORT_REQUEST_ISSUANCE_ONLY_NO_RESPONSE_BUILD_ATTESTATION_OR_AUTHORITY_EFFECT
SUP02-ISSUE-0dacddae106c6bd1006b	SUP02-CER-0dacddae106c6bd1006b	generic-root-review:0dacddae106c6bd1006b	gpkg/pango	f9e9e2303e2c91322f7edcf1bc0c3b99f2d1d74a	BA-001	build-invocation-record.json	JSON_OBJECT	schema_version;request_id;root_review_id;recipe_root;recipe_tree;build_run_id;build_started_at_utc;build_finished_at_utc;working_directory;invocation_argv;input_source_digests;build_script_digest;custodian_identity;immutable_locator_or_signed_envelope	request_id;root_review_id;recipe_tree;build_run_id;custodian_identity;immutable_locator_or_signed_envelope	custodian-export-request-issuance.tsv#request_id=SUP02-CER-0dacddae106c6bd1006b	evidence-supply/responses/SUP-02/SUP02-CER-0dacddae106c6bd1006b/	ISSUED_REQUIRED_NOT_SUPPLIED	OPEN_NO_ACCEPTANCE	CUSTODIAN_EXPORT_REQUEST_ISSUANCE_ONLY_NO_RESPONSE_BUILD_ATTESTATION_OR_AUTHORITY_EFFECT
SUP02-ISSUE-0dacddae106c6bd1006b	SUP02-CER-0dacddae106c6bd1006b	generic-root-review:0dacddae106c6bd1006b	gpkg/pango	f9e9e2303e2c91322f7edcf1bc0c3b99f2d1d74a	BA-002	build-environment-record.json	JSON_OBJECT	schema_version;request_id;root_review_id;recipe_tree;build_run_id;host_os;host_kernel;host_arch;toolchain_components;toolchain_digests;dependency_lock_or_snapshot;container_or_vm_image_digest;relevant_environment;source_date_epoch;custodian_identity;immutable_locator_or_signed_envelope	request_id;root_review_id;recipe_tree;build_run_id;custodian_identity;immutable_locator_or_signed_envelope	custodian-export-request-issuance.tsv#request_id=SUP02-CER-0dacddae106c6bd1006b	evidence-supply/responses/SUP-02/SUP02-CER-0dacddae106c6bd1006b/	ISSUED_REQUIRED_NOT_SUPPLIED	OPEN_NO_ACCEPTANCE	CUSTODIAN_EXPORT_REQUEST_ISSUANCE_ONLY_NO_RESPONSE_BUILD_ATTESTATION_OR_AUTHORITY_EFFECT
SUP02-ISSUE-0dacddae106c6bd1006b	SUP02-CER-0dacddae106c6bd1006b	generic-root-review:0dacddae106c6bd1006b	gpkg/pango	f9e9e2303e2c91322f7edcf1bc0c3b99f2d1d74a	BA-003	build-output-manifest.tsv	TSV_WITH_ROWS	request_id;root_review_id;recipe_root;recipe_tree;build_run_id;package_name;package_version;package_revision;artifact_path;artifact_sha256;member_path;member_sha256;member_elf_soname;custodian_identity;immutable_locator_or_signed_envelope	request_id;root_review_id;recipe_tree;build_run_id;custodian_identity;immutable_locator_or_signed_envelope	custodian-export-request-issuance.tsv#request_id=SUP02-CER-0dacddae106c6bd1006b	evidence-supply/responses/SUP-02/SUP02-CER-0dacddae106c6bd1006b/	ISSUED_REQUIRED_NOT_SUPPLIED	OPEN_NO_ACCEPTANCE	CUSTODIAN_EXPORT_REQUEST_ISSUANCE_ONLY_NO_RESPONSE_BUILD_ATTESTATION_OR_AUTHORITY_EFFECT
SUP02-ISSUE-146b55949f1c16bde2a2	SUP02-CER-146b55949f1c16bde2a2	generic-root-review:146b55949f1c16bde2a2	gpkg/libpng	c28b21ff2f072e880bce82fe81e4022b88945c22	BA-001	build-invocation-record.json	JSON_OBJECT	schema_version;request_id;root_review_id;recipe_root;recipe_tree;build_run_id;build_started_at_utc;build_finished_at_utc;working_directory;invocation_argv;input_source_digests;build_script_digest;custodian_identity;immutable_locator_or_signed_envelope	request_id;root_review_id;recipe_tree;build_run_id;custodian_identity;immutable_locator_or_signed_envelope	custodian-export-request-issuance.tsv#request_id=SUP02-CER-146b55949f1c16bde2a2	evidence-supply/responses/SUP-02/SUP02-CER-146b55949f1c16bde2a2/	ISSUED_REQUIRED_NOT_SUPPLIED	OPEN_NO_ACCEPTANCE	CUSTODIAN_EXPORT_REQUEST_ISSUANCE_ONLY_NO_RESPONSE_BUILD_ATTESTATION_OR_AUTHORITY_EFFECT
SUP02-ISSUE-146b55949f1c16bde2a2	SUP02-CER-146b55949f1c16bde2a2	generic-root-review:146b55949f1c16bde2a2	gpkg/libpng	c28b21ff2f072e880bce82fe81e4022b88945c22	BA-002	build-environment-record.json	JSON_OBJECT	schema_version;request_id;root_review_id;recipe_tree;build_run_id;host_os;host_kernel;host_arch;toolchain_components;toolchain_digests;dependency_lock_or_snapshot;container_or_vm_image_digest;relevant_environment;source_date_epoch;custodian_identity;immutable_locator_or_signed_envelope	request_id;root_review_id;recipe_tree;build_run_id;custodian_identity;immutable_locator_or_signed_envelope	custodian-export-request-issuance.tsv#request_id=SUP02-CER-146b55949f1c16bde2a2	evidence-supply/responses/SUP-02/SUP02-CER-146b55949f1c16bde2a2/	ISSUED_REQUIRED_NOT_SUPPLIED	OPEN_NO_ACCEPTANCE	CUSTODIAN_EXPORT_REQUEST_ISSUANCE_ONLY_NO_RESPONSE_BUILD_ATTESTATION_OR_AUTHORITY_EFFECT
SUP02-ISSUE-146b55949f1c16bde2a2	SUP02-CER-146b55949f1c16bde2a2	generic-root-review:146b55949f1c16bde2a2	gpkg/libpng	c28b21ff2f072e880bce82fe81e4022b88945c22	BA-003	build-output-manifest.tsv	TSV_WITH_ROWS	request_id;root_review_id;recipe_root;recipe_tree;build_run_id;package_name;package_version;package_revision;artifact_path;artifact_sha256;member_path;member_sha256;member_elf_soname;custodian_identity;immutable_locator_or_signed_envelope	request_id;root_review_id;recipe_tree;build_run_id;custodian_identity;immutable_locator_or_signed_envelope	custodian-export-request-issuance.tsv#request_id=SUP02-CER-146b55949f1c16bde2a2	evidence-supply/responses/SUP-02/SUP02-CER-146b55949f1c16bde2a2/	ISSUED_REQUIRED_NOT_SUPPLIED	OPEN_NO_ACCEPTANCE	CUSTODIAN_EXPORT_REQUEST_ISSUANCE_ONLY_NO_RESPONSE_BUILD_ATTESTATION_OR_AUTHORITY_EFFECT
SUP02-ISSUE-26c46ad7612eb40ca721	SUP02-CER-26c46ad7612eb40ca721	generic-root-review:26c46ad7612eb40ca721	gpkg/fontconfig	c5c62dc15d6a897251c88cb7c2306b2a12dd16ba	BA-001	build-invocation-record.json	JSON_OBJECT	schema_version;request_id;root_review_id;recipe_root;recipe_tree;build_run_id;build_started_at_utc;build_finished_at_utc;working_directory;invocation_argv;input_source_digests;build_script_digest;custodian_identity;immutable_locator_or_signed_envelope	request_id;root_review_id;recipe_tree;build_run_id;custodian_identity;immutable_locator_or_signed_envelope	custodian-export-request-issuance.tsv#request_id=SUP02-CER-26c46ad7612eb40ca721	evidence-supply/responses/SUP-02/SUP02-CER-26c46ad7612eb40ca721/	ISSUED_REQUIRED_NOT_SUPPLIED	OPEN_NO_ACCEPTANCE	CUSTODIAN_EXPORT_REQUEST_ISSUANCE_ONLY_NO_RESPONSE_BUILD_ATTESTATION_OR_AUTHORITY_EFFECT
SUP02-ISSUE-26c46ad7612eb40ca721	SUP02-CER-26c46ad7612eb40ca721	generic-root-review:26c46ad7612eb40ca721	gpkg/fontconfig	c5c62dc15d6a897251c88cb7c2306b2a12dd16ba	BA-002	build-environment-record.json	JSON_OBJECT	schema_version;request_id;root_review_id;recipe_tree;build_run_id;host_os;host_kernel;host_arch;toolchain_components;toolchain_digests;dependency_lock_or_snapshot;container_or_vm_image_digest;relevant_environment;source_date_epoch;custodian_identity;immutable_locator_or_signed_envelope	request_id;root_review_id;recipe_tree;build_run_id;custodian_identity;immutable_locator_or_signed_envelope	custodian-export-request-issuance.tsv#request_id=SUP02-CER-26c46ad7612eb40ca721	evidence-supply/responses/SUP-02/SUP02-CER-26c46ad7612eb40ca721/	ISSUED_REQUIRED_NOT_SUPPLIED	OPEN_NO_ACCEPTANCE	CUSTODIAN_EXPORT_REQUEST_ISSUANCE_ONLY_NO_RESPONSE_BUILD_ATTESTATION_OR_AUTHORITY_EFFECT
SUP02-ISSUE-26c46ad7612eb40ca721	SUP02-CER-26c46ad7612eb40ca721	generic-root-review:26c46ad7612eb40ca721	gpkg/fontconfig	c5c62dc15d6a897251c88cb7c2306b2a12dd16ba	BA-003	build-output-manifest.tsv	TSV_WITH_ROWS	request_id;root_review_id;recipe_root;recipe_tree;build_run_id;package_name;package_version;package_revision;artifact_path;artifact_sha256;member_path;member_sha256;member_elf_soname;custodian_identity;immutable_locator_or_signed_envelope	request_id;root_review_id;recipe_tree;build_run_id;custodian_identity;immutable_locator_or_signed_envelope	custodian-export-request-issuance.tsv#request_id=SUP02-CER-26c46ad7612eb40ca721	evidence-supply/responses/SUP-02/SUP02-CER-26c46ad7612eb40ca721/	ISSUED_REQUIRED_NOT_SUPPLIED	OPEN_NO_ACCEPTANCE	CUSTODIAN_EXPORT_REQUEST_ISSUANCE_ONLY_NO_RESPONSE_BUILD_ATTESTATION_OR_AUTHORITY_EFFECT
SUP02-ISSUE-2f6c3972ae083cff8dd2	SUP02-CER-2f6c3972ae083cff8dd2	generic-root-review:2f6c3972ae083cff8dd2	gpkg/libepoxy	bb827daab0491d4ff49c822f96dd4bbb80102ef0	BA-001	build-invocation-record.json	JSON_OBJECT	schema_version;request_id;root_review_id;recipe_root;recipe_tree;build_run_id;build_started_at_utc;build_finished_at_utc;working_directory;invocation_argv;input_source_digests;build_script_digest;custodian_identity;immutable_locator_or_signed_envelope	request_id;root_review_id;recipe_tree;build_run_id;custodian_identity;immutable_locator_or_signed_envelope	custodian-export-request-issuance.tsv#request_id=SUP02-CER-2f6c3972ae083cff8dd2	evidence-supply/responses/SUP-02/SUP02-CER-2f6c3972ae083cff8dd2/	ISSUED_REQUIRED_NOT_SUPPLIED	OPEN_NO_ACCEPTANCE	CUSTODIAN_EXPORT_REQUEST_ISSUANCE_ONLY_NO_RESPONSE_BUILD_ATTESTATION_OR_AUTHORITY_EFFECT
SUP02-ISSUE-2f6c3972ae083cff8dd2	SUP02-CER-2f6c3972ae083cff8dd2	generic-root-review:2f6c3972ae083cff8dd2	gpkg/libepoxy	bb827daab0491d4ff49c822f96dd4bbb80102ef0	BA-002	build-environment-record.json	JSON_OBJECT	schema_version;request_id;root_review_id;recipe_tree;build_run_id;host_os;host_kernel;host_arch;toolchain_components;toolchain_digests;dependency_lock_or_snapshot;container_or_vm_image_digest;relevant_environment;source_date_epoch;custodian_identity;immutable_locator_or_signed_envelope	request_id;root_review_id;recipe_tree;build_run_id;custodian_identity;immutable_locator_or_signed_envelope	custodian-export-request-issuance.tsv#request_id=SUP02-CER-2f6c3972ae083cff8dd2	evidence-supply/responses/SUP-02/SUP02-CER-2f6c3972ae083cff8dd2/	ISSUED_REQUIRED_NOT_SUPPLIED	OPEN_NO_ACCEPTANCE	CUSTODIAN_EXPORT_REQUEST_ISSUANCE_ONLY_NO_RESPONSE_BUILD_ATTESTATION_OR_AUTHORITY_EFFECT
SUP02-ISSUE-2f6c3972ae083cff8dd2	SUP02-CER-2f6c3972ae083cff8dd2	generic-root-review:2f6c3972ae083cff8dd2	gpkg/libepoxy	bb827daab0491d4ff49c822f96dd4bbb80102ef0	BA-003	build-output-manifest.tsv	TSV_WITH_ROWS	request_id;root_review_id;recipe_root;recipe_tree;build_run_id;package_name;package_version;package_revision;artifact_path;artifact_sha256;member_path;member_sha256;member_elf_soname;custodian_identity;immutable_locator_or_signed_envelope	request_id;root_review_id;recipe_tree;build_run_id;custodian_identity;immutable_locator_or_signed_envelope	custodian-export-request-issuance.tsv#request_id=SUP02-CER-2f6c3972ae083cff8dd2	evidence-supply/responses/SUP-02/SUP02-CER-2f6c3972ae083cff8dd2/	ISSUED_REQUIRED_NOT_SUPPLIED	OPEN_NO_ACCEPTANCE	CUSTODIAN_EXPORT_REQUEST_ISSUANCE_ONLY_NO_RESPONSE_BUILD_ATTESTATION_OR_AUTHORITY_EFFECT
SUP02-ISSUE-3d9be682f93850cf8f44	SUP02-CER-3d9be682f93850cf8f44	generic-root-review:3d9be682f93850cf8f44	gpkg/mesa	722eafd0258762f44c50228b3b66cc7a29cfcb3e	BA-001	build-invocation-record.json	JSON_OBJECT	schema_version;request_id;root_review_id;recipe_root;recipe_tree;build_run_id;build_started_at_utc;build_finished_at_utc;working_directory;invocation_argv;input_source_digests;build_script_digest;custodian_identity;immutable_locator_or_signed_envelope	request_id;root_review_id;recipe_tree;build_run_id;custodian_identity;immutable_locator_or_signed_envelope	custodian-export-request-issuance.tsv#request_id=SUP02-CER-3d9be682f93850cf8f44	evidence-supply/responses/SUP-02/SUP02-CER-3d9be682f93850cf8f44/	ISSUED_REQUIRED_NOT_SUPPLIED	OPEN_NO_ACCEPTANCE	CUSTODIAN_EXPORT_REQUEST_ISSUANCE_ONLY_NO_RESPONSE_BUILD_ATTESTATION_OR_AUTHORITY_EFFECT
SUP02-ISSUE-3d9be682f93850cf8f44	SUP02-CER-3d9be682f93850cf8f44	generic-root-review:3d9be682f93850cf8f44	gpkg/mesa	722eafd0258762f44c50228b3b66cc7a29cfcb3e	BA-002	build-environment-record.json	JSON_OBJECT	schema_version;request_id;root_review_id;recipe_tree;build_run_id;host_os;host_kernel;host_arch;toolchain_components;toolchain_digests;dependency_lock_or_snapshot;container_or_vm_image_digest;relevant_environment;source_date_epoch;custodian_identity;immutable_locator_or_signed_envelope	request_id;root_review_id;recipe_tree;build_run_id;custodian_identity;immutable_locator_or_signed_envelope	custodian-export-request-issuance.tsv#request_id=SUP02-CER-3d9be682f93850cf8f44	evidence-supply/responses/SUP-02/SUP02-CER-3d9be682f93850cf8f44/	ISSUED_REQUIRED_NOT_SUPPLIED	OPEN_NO_ACCEPTANCE	CUSTODIAN_EXPORT_REQUEST_ISSUANCE_ONLY_NO_RESPONSE_BUILD_ATTESTATION_OR_AUTHORITY_EFFECT
SUP02-ISSUE-3d9be682f93850cf8f44	SUP02-CER-3d9be682f93850cf8f44	generic-root-review:3d9be682f93850cf8f44	gpkg/mesa	722eafd0258762f44c50228b3b66cc7a29cfcb3e	BA-003	build-output-manifest.tsv	TSV_WITH_ROWS	request_id;root_review_id;recipe_root;recipe_tree;build_run_id;package_name;package_version;package_revision;artifact_path;artifact_sha256;member_path;member_sha256;member_elf_soname;custodian_identity;immutable_locator_or_signed_envelope	request_id;root_review_id;recipe_tree;build_run_id;custodian_identity;immutable_locator_or_signed_envelope	custodian-export-request-issuance.tsv#request_id=SUP02-CER-3d9be682f93850cf8f44	evidence-supply/responses/SUP-02/SUP02-CER-3d9be682f93850cf8f44/	ISSUED_REQUIRED_NOT_SUPPLIED	OPEN_NO_ACCEPTANCE	CUSTODIAN_EXPORT_REQUEST_ISSUANCE_ONLY_NO_RESPONSE_BUILD_ATTESTATION_OR_AUTHORITY_EFFECT
SUP02-ISSUE-4a78f00ce210555e73bc	SUP02-CER-4a78f00ce210555e73bc	generic-root-review:4a78f00ce210555e73bc	gpkg/p11-kit	ad0661176a924458c36e3d6243aa83a52fe0fd55	BA-001	build-invocation-record.json	JSON_OBJECT	schema_version;request_id;root_review_id;recipe_root;recipe_tree;build_run_id;build_started_at_utc;build_finished_at_utc;working_directory;invocation_argv;input_source_digests;build_script_digest;custodian_identity;immutable_locator_or_signed_envelope	request_id;root_review_id;recipe_tree;build_run_id;custodian_identity;immutable_locator_or_signed_envelope	custodian-export-request-issuance.tsv#request_id=SUP02-CER-4a78f00ce210555e73bc	evidence-supply/responses/SUP-02/SUP02-CER-4a78f00ce210555e73bc/	ISSUED_REQUIRED_NOT_SUPPLIED	OPEN_NO_ACCEPTANCE	CUSTODIAN_EXPORT_REQUEST_ISSUANCE_ONLY_NO_RESPONSE_BUILD_ATTESTATION_OR_AUTHORITY_EFFECT
SUP02-ISSUE-4a78f00ce210555e73bc	SUP02-CER-4a78f00ce210555e73bc	generic-root-review:4a78f00ce210555e73bc	gpkg/p11-kit	ad0661176a924458c36e3d6243aa83a52fe0fd55	BA-002	build-environment-record.json	JSON_OBJECT	schema_version;request_id;root_review_id;recipe_tree;build_run_id;host_os;host_kernel;host_arch;toolchain_components;toolchain_digests;dependency_lock_or_snapshot;container_or_vm_image_digest;relevant_environment;source_date_epoch;custodian_identity;immutable_locator_or_signed_envelope	request_id;root_review_id;recipe_tree;build_run_id;custodian_identity;immutable_locator_or_signed_envelope	custodian-export-request-issuance.tsv#request_id=SUP02-CER-4a78f00ce210555e73bc	evidence-supply/responses/SUP-02/SUP02-CER-4a78f00ce210555e73bc/	ISSUED_REQUIRED_NOT_SUPPLIED	OPEN_NO_ACCEPTANCE	CUSTODIAN_EXPORT_REQUEST_ISSUANCE_ONLY_NO_RESPONSE_BUILD_ATTESTATION_OR_AUTHORITY_EFFECT
SUP02-ISSUE-4a78f00ce210555e73bc	SUP02-CER-4a78f00ce210555e73bc	generic-root-review:4a78f00ce210555e73bc	gpkg/p11-kit	ad0661176a924458c36e3d6243aa83a52fe0fd55	BA-003	build-output-manifest.tsv	TSV_WITH_ROWS	request_id;root_review_id;recipe_root;recipe_tree;build_run_id;package_name;package_version;package_revision;artifact_path;artifact_sha256;member_path;member_sha256;member_elf_soname;custodian_identity;immutable_locator_or_signed_envelope	request_id;root_review_id;recipe_tree;build_run_id;custodian_identity;immutable_locator_or_signed_envelope	custodian-export-request-issuance.tsv#request_id=SUP02-CER-4a78f00ce210555e73bc	evidence-supply/responses/SUP-02/SUP02-CER-4a78f00ce210555e73bc/	ISSUED_REQUIRED_NOT_SUPPLIED	OPEN_NO_ACCEPTANCE	CUSTODIAN_EXPORT_REQUEST_ISSUANCE_ONLY_NO_RESPONSE_BUILD_ATTESTATION_OR_AUTHORITY_EFFECT
SUP02-ISSUE-4cbb42bdf636a480b0f6	SUP02-CER-4cbb42bdf636a480b0f6	generic-root-review:4cbb42bdf636a480b0f6	gpkg/dbus	d7c789ccea51cdb6d13196fd106f32daf6c75822	BA-001	build-invocation-record.json	JSON_OBJECT	schema_version;request_id;root_review_id;recipe_root;recipe_tree;build_run_id;build_started_at_utc;build_finished_at_utc;working_directory;invocation_argv;input_source_digests;build_script_digest;custodian_identity;immutable_locator_or_signed_envelope	request_id;root_review_id;recipe_tree;build_run_id;custodian_identity;immutable_locator_or_signed_envelope	custodian-export-request-issuance.tsv#request_id=SUP02-CER-4cbb42bdf636a480b0f6	evidence-supply/responses/SUP-02/SUP02-CER-4cbb42bdf636a480b0f6/	ISSUED_REQUIRED_NOT_SUPPLIED	OPEN_NO_ACCEPTANCE	CUSTODIAN_EXPORT_REQUEST_ISSUANCE_ONLY_NO_RESPONSE_BUILD_ATTESTATION_OR_AUTHORITY_EFFECT
SUP02-ISSUE-4cbb42bdf636a480b0f6	SUP02-CER-4cbb42bdf636a480b0f6	generic-root-review:4cbb42bdf636a480b0f6	gpkg/dbus	d7c789ccea51cdb6d13196fd106f32daf6c75822	BA-002	build-environment-record.json	JSON_OBJECT	schema_version;request_id;root_review_id;recipe_tree;build_run_id;host_os;host_kernel;host_arch;toolchain_components;toolchain_digests;dependency_lock_or_snapshot;container_or_vm_image_digest;relevant_environment;source_date_epoch;custodian_identity;immutable_locator_or_signed_envelope	request_id;root_review_id;recipe_tree;build_run_id;custodian_identity;immutable_locator_or_signed_envelope	custodian-export-request-issuance.tsv#request_id=SUP02-CER-4cbb42bdf636a480b0f6	evidence-supply/responses/SUP-02/SUP02-CER-4cbb42bdf636a480b0f6/	ISSUED_REQUIRED_NOT_SUPPLIED	OPEN_NO_ACCEPTANCE	CUSTODIAN_EXPORT_REQUEST_ISSUANCE_ONLY_NO_RESPONSE_BUILD_ATTESTATION_OR_AUTHORITY_EFFECT
SUP02-ISSUE-4cbb42bdf636a480b0f6	SUP02-CER-4cbb42bdf636a480b0f6	generic-root-review:4cbb42bdf636a480b0f6	gpkg/dbus	d7c789ccea51cdb6d13196fd106f32daf6c75822	BA-003	build-output-manifest.tsv	TSV_WITH_ROWS	request_id;root_review_id;recipe_root;recipe_tree;build_run_id;package_name;package_version;package_revision;artifact_path;artifact_sha256;member_path;member_sha256;member_elf_soname;custodian_identity;immutable_locator_or_signed_envelope	request_id;root_review_id;recipe_tree;build_run_id;custodian_identity;immutable_locator_or_signed_envelope	custodian-export-request-issuance.tsv#request_id=SUP02-CER-4cbb42bdf636a480b0f6	evidence-supply/responses/SUP-02/SUP02-CER-4cbb42bdf636a480b0f6/	ISSUED_REQUIRED_NOT_SUPPLIED	OPEN_NO_ACCEPTANCE	CUSTODIAN_EXPORT_REQUEST_ISSUANCE_ONLY_NO_RESPONSE_BUILD_ATTESTATION_OR_AUTHORITY_EFFECT
SUP02-ISSUE-54ab99c9280e70c43600	SUP02-CER-54ab99c9280e70c43600	generic-root-review:54ab99c9280e70c43600	gpkg/libxcursor	bb2495e04b246f60203d48720225ef13fa8a25bf	BA-001	build-invocation-record.json	JSON_OBJECT	schema_version;request_id;root_review_id;recipe_root;recipe_tree;build_run_id;build_started_at_utc;build_finished_at_utc;working_directory;invocation_argv;input_source_digests;build_script_digest;custodian_identity;immutable_locator_or_signed_envelope	request_id;root_review_id;recipe_tree;build_run_id;custodian_identity;immutable_locator_or_signed_envelope	custodian-export-request-issuance.tsv#request_id=SUP02-CER-54ab99c9280e70c43600	evidence-supply/responses/SUP-02/SUP02-CER-54ab99c9280e70c43600/	ISSUED_REQUIRED_NOT_SUPPLIED	OPEN_NO_ACCEPTANCE	CUSTODIAN_EXPORT_REQUEST_ISSUANCE_ONLY_NO_RESPONSE_BUILD_ATTESTATION_OR_AUTHORITY_EFFECT
SUP02-ISSUE-54ab99c9280e70c43600	SUP02-CER-54ab99c9280e70c43600	generic-root-review:54ab99c9280e70c43600	gpkg/libxcursor	bb2495e04b246f60203d48720225ef13fa8a25bf	BA-002	build-environment-record.json	JSON_OBJECT	schema_version;request_id;root_review_id;recipe_tree;build_run_id;host_os;host_kernel;host_arch;toolchain_components;toolchain_digests;dependency_lock_or_snapshot;container_or_vm_image_digest;relevant_environment;source_date_epoch;custodian_identity;immutable_locator_or_signed_envelope	request_id;root_review_id;recipe_tree;build_run_id;custodian_identity;immutable_locator_or_signed_envelope	custodian-export-request-issuance.tsv#request_id=SUP02-CER-54ab99c9280e70c43600	evidence-supply/responses/SUP-02/SUP02-CER-54ab99c9280e70c43600/	ISSUED_REQUIRED_NOT_SUPPLIED	OPEN_NO_ACCEPTANCE	CUSTODIAN_EXPORT_REQUEST_ISSUANCE_ONLY_NO_RESPONSE_BUILD_ATTESTATION_OR_AUTHORITY_EFFECT
SUP02-ISSUE-54ab99c9280e70c43600	SUP02-CER-54ab99c9280e70c43600	generic-root-review:54ab99c9280e70c43600	gpkg/libxcursor	bb2495e04b246f60203d48720225ef13fa8a25bf	BA-003	build-output-manifest.tsv	TSV_WITH_ROWS	request_id;root_review_id;recipe_root;recipe_tree;build_run_id;package_name;package_version;package_revision;artifact_path;artifact_sha256;member_path;member_sha256;member_elf_soname;custodian_identity;immutable_locator_or_signed_envelope	request_id;root_review_id;recipe_tree;build_run_id;custodian_identity;immutable_locator_or_signed_envelope	custodian-export-request-issuance.tsv#request_id=SUP02-CER-54ab99c9280e70c43600	evidence-supply/responses/SUP-02/SUP02-CER-54ab99c9280e70c43600/	ISSUED_REQUIRED_NOT_SUPPLIED	OPEN_NO_ACCEPTANCE	CUSTODIAN_EXPORT_REQUEST_ISSUANCE_ONLY_NO_RESPONSE_BUILD_ATTESTATION_OR_AUTHORITY_EFFECT
SUP02-ISSUE-59aa2f063b98cf767441	SUP02-CER-59aa2f063b98cf767441	generic-root-review:59aa2f063b98cf767441	gpkg/libjpeg-turbo	cb58a7c1d7f4a1f89d036e4c80da596c0c61234c	BA-001	build-invocation-record.json	JSON_OBJECT	schema_version;request_id;root_review_id;recipe_root;recipe_tree;build_run_id;build_started_at_utc;build_finished_at_utc;working_directory;invocation_argv;input_source_digests;build_script_digest;custodian_identity;immutable_locator_or_signed_envelope	request_id;root_review_id;recipe_tree;build_run_id;custodian_identity;immutable_locator_or_signed_envelope	custodian-export-request-issuance.tsv#request_id=SUP02-CER-59aa2f063b98cf767441	evidence-supply/responses/SUP-02/SUP02-CER-59aa2f063b98cf767441/	ISSUED_REQUIRED_NOT_SUPPLIED	OPEN_NO_ACCEPTANCE	CUSTODIAN_EXPORT_REQUEST_ISSUANCE_ONLY_NO_RESPONSE_BUILD_ATTESTATION_OR_AUTHORITY_EFFECT
SUP02-ISSUE-59aa2f063b98cf767441	SUP02-CER-59aa2f063b98cf767441	generic-root-review:59aa2f063b98cf767441	gpkg/libjpeg-turbo	cb58a7c1d7f4a1f89d036e4c80da596c0c61234c	BA-002	build-environment-record.json	JSON_OBJECT	schema_version;request_id;root_review_id;recipe_tree;build_run_id;host_os;host_kernel;host_arch;toolchain_components;toolchain_digests;dependency_lock_or_snapshot;container_or_vm_image_digest;relevant_environment;source_date_epoch;custodian_identity;immutable_locator_or_signed_envelope	request_id;root_review_id;recipe_tree;build_run_id;custodian_identity;immutable_locator_or_signed_envelope	custodian-export-request-issuance.tsv#request_id=SUP02-CER-59aa2f063b98cf767441	evidence-supply/responses/SUP-02/SUP02-CER-59aa2f063b98cf767441/	ISSUED_REQUIRED_NOT_SUPPLIED	OPEN_NO_ACCEPTANCE	CUSTODIAN_EXPORT_REQUEST_ISSUANCE_ONLY_NO_RESPONSE_BUILD_ATTESTATION_OR_AUTHORITY_EFFECT
SUP02-ISSUE-59aa2f063b98cf767441	SUP02-CER-59aa2f063b98cf767441	generic-root-review:59aa2f063b98cf767441	gpkg/libjpeg-turbo	cb58a7c1d7f4a1f89d036e4c80da596c0c61234c	BA-003	build-output-manifest.tsv	TSV_WITH_ROWS	request_id;root_review_id;recipe_root;recipe_tree;build_run_id;package_name;package_version;package_revision;artifact_path;artifact_sha256;member_path;member_sha256;member_elf_soname;custodian_identity;immutable_locator_or_signed_envelope	request_id;root_review_id;recipe_tree;build_run_id;custodian_identity;immutable_locator_or_signed_envelope	custodian-export-request-issuance.tsv#request_id=SUP02-CER-59aa2f063b98cf767441	evidence-supply/responses/SUP-02/SUP02-CER-59aa2f063b98cf767441/	ISSUED_REQUIRED_NOT_SUPPLIED	OPEN_NO_ACCEPTANCE	CUSTODIAN_EXPORT_REQUEST_ISSUANCE_ONLY_NO_RESPONSE_BUILD_ATTESTATION_OR_AUTHORITY_EFFECT
SUP02-ISSUE-5cde09ffb57ae90a949d	SUP02-CER-5cde09ffb57ae90a949d	generic-root-review:5cde09ffb57ae90a949d	gpkg/libxi	9be86de0575a2ae7c8e904d6724d07bacd96d099	BA-001	build-invocation-record.json	JSON_OBJECT	schema_version;request_id;root_review_id;recipe_root;recipe_tree;build_run_id;build_started_at_utc;build_finished_at_utc;working_directory;invocation_argv;input_source_digests;build_script_digest;custodian_identity;immutable_locator_or_signed_envelope	request_id;root_review_id;recipe_tree;build_run_id;custodian_identity;immutable_locator_or_signed_envelope	custodian-export-request-issuance.tsv#request_id=SUP02-CER-5cde09ffb57ae90a949d	evidence-supply/responses/SUP-02/SUP02-CER-5cde09ffb57ae90a949d/	ISSUED_REQUIRED_NOT_SUPPLIED	OPEN_NO_ACCEPTANCE	CUSTODIAN_EXPORT_REQUEST_ISSUANCE_ONLY_NO_RESPONSE_BUILD_ATTESTATION_OR_AUTHORITY_EFFECT
SUP02-ISSUE-5cde09ffb57ae90a949d	SUP02-CER-5cde09ffb57ae90a949d	generic-root-review:5cde09ffb57ae90a949d	gpkg/libxi	9be86de0575a2ae7c8e904d6724d07bacd96d099	BA-002	build-environment-record.json	JSON_OBJECT	schema_version;request_id;root_review_id;recipe_tree;build_run_id;host_os;host_kernel;host_arch;toolchain_components;toolchain_digests;dependency_lock_or_snapshot;container_or_vm_image_digest;relevant_environment;source_date_epoch;custodian_identity;immutable_locator_or_signed_envelope	request_id;root_review_id;recipe_tree;build_run_id;custodian_identity;immutable_locator_or_signed_envelope	custodian-export-request-issuance.tsv#request_id=SUP02-CER-5cde09ffb57ae90a949d	evidence-supply/responses/SUP-02/SUP02-CER-5cde09ffb57ae90a949d/	ISSUED_REQUIRED_NOT_SUPPLIED	OPEN_NO_ACCEPTANCE	CUSTODIAN_EXPORT_REQUEST_ISSUANCE_ONLY_NO_RESPONSE_BUILD_ATTESTATION_OR_AUTHORITY_EFFECT
SUP02-ISSUE-5cde09ffb57ae90a949d	SUP02-CER-5cde09ffb57ae90a949d	generic-root-review:5cde09ffb57ae90a949d	gpkg/libxi	9be86de0575a2ae7c8e904d6724d07bacd96d099	BA-003	build-output-manifest.tsv	TSV_WITH_ROWS	request_id;root_review_id;recipe_root;recipe_tree;build_run_id;package_name;package_version;package_revision;artifact_path;artifact_sha256;member_path;member_sha256;member_elf_soname;custodian_identity;immutable_locator_or_signed_envelope	request_id;root_review_id;recipe_tree;build_run_id;custodian_identity;immutable_locator_or_signed_envelope	custodian-export-request-issuance.tsv#request_id=SUP02-CER-5cde09ffb57ae90a949d	evidence-supply/responses/SUP-02/SUP02-CER-5cde09ffb57ae90a949d/	ISSUED_REQUIRED_NOT_SUPPLIED	OPEN_NO_ACCEPTANCE	CUSTODIAN_EXPORT_REQUEST_ISSUANCE_ONLY_NO_RESPONSE_BUILD_ATTESTATION_OR_AUTHORITY_EFFECT
SUP02-ISSUE-68be7e5a4186aff4fd0d	SUP02-CER-68be7e5a4186aff4fd0d	generic-root-review:68be7e5a4186aff4fd0d	gpkg/libsqlite	f40cf35fe65fe08cdcc5dc69d36e19c5bbcca408	BA-001	build-invocation-record.json	JSON_OBJECT	schema_version;request_id;root_review_id;recipe_root;recipe_tree;build_run_id;build_started_at_utc;build_finished_at_utc;working_directory;invocation_argv;input_source_digests;build_script_digest;custodian_identity;immutable_locator_or_signed_envelope	request_id;root_review_id;recipe_tree;build_run_id;custodian_identity;immutable_locator_or_signed_envelope	custodian-export-request-issuance.tsv#request_id=SUP02-CER-68be7e5a4186aff4fd0d	evidence-supply/responses/SUP-02/SUP02-CER-68be7e5a4186aff4fd0d/	ISSUED_REQUIRED_NOT_SUPPLIED	OPEN_NO_ACCEPTANCE	CUSTODIAN_EXPORT_REQUEST_ISSUANCE_ONLY_NO_RESPONSE_BUILD_ATTESTATION_OR_AUTHORITY_EFFECT
SUP02-ISSUE-68be7e5a4186aff4fd0d	SUP02-CER-68be7e5a4186aff4fd0d	generic-root-review:68be7e5a4186aff4fd0d	gpkg/libsqlite	f40cf35fe65fe08cdcc5dc69d36e19c5bbcca408	BA-002	build-environment-record.json	JSON_OBJECT	schema_version;request_id;root_review_id;recipe_tree;build_run_id;host_os;host_kernel;host_arch;toolchain_components;toolchain_digests;dependency_lock_or_snapshot;container_or_vm_image_digest;relevant_environment;source_date_epoch;custodian_identity;immutable_locator_or_signed_envelope	request_id;root_review_id;recipe_tree;build_run_id;custodian_identity;immutable_locator_or_signed_envelope	custodian-export-request-issuance.tsv#request_id=SUP02-CER-68be7e5a4186aff4fd0d	evidence-supply/responses/SUP-02/SUP02-CER-68be7e5a4186aff4fd0d/	ISSUED_REQUIRED_NOT_SUPPLIED	OPEN_NO_ACCEPTANCE	CUSTODIAN_EXPORT_REQUEST_ISSUANCE_ONLY_NO_RESPONSE_BUILD_ATTESTATION_OR_AUTHORITY_EFFECT
SUP02-ISSUE-68be7e5a4186aff4fd0d	SUP02-CER-68be7e5a4186aff4fd0d	generic-root-review:68be7e5a4186aff4fd0d	gpkg/libsqlite	f40cf35fe65fe08cdcc5dc69d36e19c5bbcca408	BA-003	build-output-manifest.tsv	TSV_WITH_ROWS	request_id;root_review_id;recipe_root;recipe_tree;build_run_id;package_name;package_version;package_revision;artifact_path;artifact_sha256;member_path;member_sha256;member_elf_soname;custodian_identity;immutable_locator_or_signed_envelope	request_id;root_review_id;recipe_tree;build_run_id;custodian_identity;immutable_locator_or_signed_envelope	custodian-export-request-issuance.tsv#request_id=SUP02-CER-68be7e5a4186aff4fd0d	evidence-supply/responses/SUP-02/SUP02-CER-68be7e5a4186aff4fd0d/	ISSUED_REQUIRED_NOT_SUPPLIED	OPEN_NO_ACCEPTANCE	CUSTODIAN_EXPORT_REQUEST_ISSUANCE_ONLY_NO_RESPONSE_BUILD_ATTESTATION_OR_AUTHORITY_EFFECT
SUP02-ISSUE-6ea790cafac47e460e89	SUP02-CER-6ea790cafac47e460e89	generic-root-review:6ea790cafac47e460e89	gpkg/util-linux	e91a0c476ef4355dbfff46e2bcab23d0085ddd01	BA-001	build-invocation-record.json	JSON_OBJECT	schema_version;request_id;root_review_id;recipe_root;recipe_tree;build_run_id;build_started_at_utc;build_finished_at_utc;working_directory;invocation_argv;input_source_digests;build_script_digest;custodian_identity;immutable_locator_or_signed_envelope	request_id;root_review_id;recipe_tree;build_run_id;custodian_identity;immutable_locator_or_signed_envelope	custodian-export-request-issuance.tsv#request_id=SUP02-CER-6ea790cafac47e460e89	evidence-supply/responses/SUP-02/SUP02-CER-6ea790cafac47e460e89/	ISSUED_REQUIRED_NOT_SUPPLIED	OPEN_NO_ACCEPTANCE	CUSTODIAN_EXPORT_REQUEST_ISSUANCE_ONLY_NO_RESPONSE_BUILD_ATTESTATION_OR_AUTHORITY_EFFECT
SUP02-ISSUE-6ea790cafac47e460e89	SUP02-CER-6ea790cafac47e460e89	generic-root-review:6ea790cafac47e460e89	gpkg/util-linux	e91a0c476ef4355dbfff46e2bcab23d0085ddd01	BA-002	build-environment-record.json	JSON_OBJECT	schema_version;request_id;root_review_id;recipe_tree;build_run_id;host_os;host_kernel;host_arch;toolchain_components;toolchain_digests;dependency_lock_or_snapshot;container_or_vm_image_digest;relevant_environment;source_date_epoch;custodian_identity;immutable_locator_or_signed_envelope	request_id;root_review_id;recipe_tree;build_run_id;custodian_identity;immutable_locator_or_signed_envelope	custodian-export-request-issuance.tsv#request_id=SUP02-CER-6ea790cafac47e460e89	evidence-supply/responses/SUP-02/SUP02-CER-6ea790cafac47e460e89/	ISSUED_REQUIRED_NOT_SUPPLIED	OPEN_NO_ACCEPTANCE	CUSTODIAN_EXPORT_REQUEST_ISSUANCE_ONLY_NO_RESPONSE_BUILD_ATTESTATION_OR_AUTHORITY_EFFECT
SUP02-ISSUE-6ea790cafac47e460e89	SUP02-CER-6ea790cafac47e460e89	generic-root-review:6ea790cafac47e460e89	gpkg/util-linux	e91a0c476ef4355dbfff46e2bcab23d0085ddd01	BA-003	build-output-manifest.tsv	TSV_WITH_ROWS	request_id;root_review_id;recipe_root;recipe_tree;build_run_id;package_name;package_version;package_revision;artifact_path;artifact_sha256;member_path;member_sha256;member_elf_soname;custodian_identity;immutable_locator_or_signed_envelope	request_id;root_review_id;recipe_tree;build_run_id;custodian_identity;immutable_locator_or_signed_envelope	custodian-export-request-issuance.tsv#request_id=SUP02-CER-6ea790cafac47e460e89	evidence-supply/responses/SUP-02/SUP02-CER-6ea790cafac47e460e89/	ISSUED_REQUIRED_NOT_SUPPLIED	OPEN_NO_ACCEPTANCE	CUSTODIAN_EXPORT_REQUEST_ISSUANCE_ONLY_NO_RESPONSE_BUILD_ATTESTATION_OR_AUTHORITY_EFFECT
SUP02-ISSUE-706bd01fdd0555fcabc9	SUP02-CER-706bd01fdd0555fcabc9	generic-root-review:706bd01fdd0555fcabc9	gpkg/harfbuzz	f353d5f116250f7bcab7ecf062cdb13728b0ecc8	BA-001	build-invocation-record.json	JSON_OBJECT	schema_version;request_id;root_review_id;recipe_root;recipe_tree;build_run_id;build_started_at_utc;build_finished_at_utc;working_directory;invocation_argv;input_source_digests;build_script_digest;custodian_identity;immutable_locator_or_signed_envelope	request_id;root_review_id;recipe_tree;build_run_id;custodian_identity;immutable_locator_or_signed_envelope	custodian-export-request-issuance.tsv#request_id=SUP02-CER-706bd01fdd0555fcabc9	evidence-supply/responses/SUP-02/SUP02-CER-706bd01fdd0555fcabc9/	ISSUED_REQUIRED_NOT_SUPPLIED	OPEN_NO_ACCEPTANCE	CUSTODIAN_EXPORT_REQUEST_ISSUANCE_ONLY_NO_RESPONSE_BUILD_ATTESTATION_OR_AUTHORITY_EFFECT
SUP02-ISSUE-706bd01fdd0555fcabc9	SUP02-CER-706bd01fdd0555fcabc9	generic-root-review:706bd01fdd0555fcabc9	gpkg/harfbuzz	f353d5f116250f7bcab7ecf062cdb13728b0ecc8	BA-002	build-environment-record.json	JSON_OBJECT	schema_version;request_id;root_review_id;recipe_tree;build_run_id;host_os;host_kernel;host_arch;toolchain_components;toolchain_digests;dependency_lock_or_snapshot;container_or_vm_image_digest;relevant_environment;source_date_epoch;custodian_identity;immutable_locator_or_signed_envelope	request_id;root_review_id;recipe_tree;build_run_id;custodian_identity;immutable_locator_or_signed_envelope	custodian-export-request-issuance.tsv#request_id=SUP02-CER-706bd01fdd0555fcabc9	evidence-supply/responses/SUP-02/SUP02-CER-706bd01fdd0555fcabc9/	ISSUED_REQUIRED_NOT_SUPPLIED	OPEN_NO_ACCEPTANCE	CUSTODIAN_EXPORT_REQUEST_ISSUANCE_ONLY_NO_RESPONSE_BUILD_ATTESTATION_OR_AUTHORITY_EFFECT
SUP02-ISSUE-706bd01fdd0555fcabc9	SUP02-CER-706bd01fdd0555fcabc9	generic-root-review:706bd01fdd0555fcabc9	gpkg/harfbuzz	f353d5f116250f7bcab7ecf062cdb13728b0ecc8	BA-003	build-output-manifest.tsv	TSV_WITH_ROWS	request_id;root_review_id;recipe_root;recipe_tree;build_run_id;package_name;package_version;package_revision;artifact_path;artifact_sha256;member_path;member_sha256;member_elf_soname;custodian_identity;immutable_locator_or_signed_envelope	request_id;root_review_id;recipe_tree;build_run_id;custodian_identity;immutable_locator_or_signed_envelope	custodian-export-request-issuance.tsv#request_id=SUP02-CER-706bd01fdd0555fcabc9	evidence-supply/responses/SUP-02/SUP02-CER-706bd01fdd0555fcabc9/	ISSUED_REQUIRED_NOT_SUPPLIED	OPEN_NO_ACCEPTANCE	CUSTODIAN_EXPORT_REQUEST_ISSUANCE_ONLY_NO_RESPONSE_BUILD_ATTESTATION_OR_AUTHORITY_EFFECT
SUP02-ISSUE-778b62f6da21fd02f1bb	SUP02-CER-778b62f6da21fd02f1bb	generic-root-review:778b62f6da21fd02f1bb	gpkg/libxkbcommon	5fda5da07e6b38230082785d352adc4e6fb9c4da	BA-001	build-invocation-record.json	JSON_OBJECT	schema_version;request_id;root_review_id;recipe_root;recipe_tree;build_run_id;build_started_at_utc;build_finished_at_utc;working_directory;invocation_argv;input_source_digests;build_script_digest;custodian_identity;immutable_locator_or_signed_envelope	request_id;root_review_id;recipe_tree;build_run_id;custodian_identity;immutable_locator_or_signed_envelope	custodian-export-request-issuance.tsv#request_id=SUP02-CER-778b62f6da21fd02f1bb	evidence-supply/responses/SUP-02/SUP02-CER-778b62f6da21fd02f1bb/	ISSUED_REQUIRED_NOT_SUPPLIED	OPEN_NO_ACCEPTANCE	CUSTODIAN_EXPORT_REQUEST_ISSUANCE_ONLY_NO_RESPONSE_BUILD_ATTESTATION_OR_AUTHORITY_EFFECT
SUP02-ISSUE-778b62f6da21fd02f1bb	SUP02-CER-778b62f6da21fd02f1bb	generic-root-review:778b62f6da21fd02f1bb	gpkg/libxkbcommon	5fda5da07e6b38230082785d352adc4e6fb9c4da	BA-002	build-environment-record.json	JSON_OBJECT	schema_version;request_id;root_review_id;recipe_tree;build_run_id;host_os;host_kernel;host_arch;toolchain_components;toolchain_digests;dependency_lock_or_snapshot;container_or_vm_image_digest;relevant_environment;source_date_epoch;custodian_identity;immutable_locator_or_signed_envelope	request_id;root_review_id;recipe_tree;build_run_id;custodian_identity;immutable_locator_or_signed_envelope	custodian-export-request-issuance.tsv#request_id=SUP02-CER-778b62f6da21fd02f1bb	evidence-supply/responses/SUP-02/SUP02-CER-778b62f6da21fd02f1bb/	ISSUED_REQUIRED_NOT_SUPPLIED	OPEN_NO_ACCEPTANCE	CUSTODIAN_EXPORT_REQUEST_ISSUANCE_ONLY_NO_RESPONSE_BUILD_ATTESTATION_OR_AUTHORITY_EFFECT
SUP02-ISSUE-778b62f6da21fd02f1bb	SUP02-CER-778b62f6da21fd02f1bb	generic-root-review:778b62f6da21fd02f1bb	gpkg/libxkbcommon	5fda5da07e6b38230082785d352adc4e6fb9c4da	BA-003	build-output-manifest.tsv	TSV_WITH_ROWS	request_id;root_review_id;recipe_root;recipe_tree;build_run_id;package_name;package_version;package_revision;artifact_path;artifact_sha256;member_path;member_sha256;member_elf_soname;custodian_identity;immutable_locator_or_signed_envelope	request_id;root_review_id;recipe_tree;build_run_id;custodian_identity;immutable_locator_or_signed_envelope	custodian-export-request-issuance.tsv#request_id=SUP02-CER-778b62f6da21fd02f1bb	evidence-supply/responses/SUP-02/SUP02-CER-778b62f6da21fd02f1bb/	ISSUED_REQUIRED_NOT_SUPPLIED	OPEN_NO_ACCEPTANCE	CUSTODIAN_EXPORT_REQUEST_ISSUANCE_ONLY_NO_RESPONSE_BUILD_ATTESTATION_OR_AUTHORITY_EFFECT
SUP02-ISSUE-7ddd185f55bd2a91009e	SUP02-CER-7ddd185f55bd2a91009e	generic-root-review:7ddd185f55bd2a91009e	gpkg/libdatrie	d773dbb3e0ad7eb29f323f75cb731e30eff66904	BA-001	build-invocation-record.json	JSON_OBJECT	schema_version;request_id;root_review_id;recipe_root;recipe_tree;build_run_id;build_started_at_utc;build_finished_at_utc;working_directory;invocation_argv;input_source_digests;build_script_digest;custodian_identity;immutable_locator_or_signed_envelope	request_id;root_review_id;recipe_tree;build_run_id;custodian_identity;immutable_locator_or_signed_envelope	custodian-export-request-issuance.tsv#request_id=SUP02-CER-7ddd185f55bd2a91009e	evidence-supply/responses/SUP-02/SUP02-CER-7ddd185f55bd2a91009e/	ISSUED_REQUIRED_NOT_SUPPLIED	OPEN_NO_ACCEPTANCE	CUSTODIAN_EXPORT_REQUEST_ISSUANCE_ONLY_NO_RESPONSE_BUILD_ATTESTATION_OR_AUTHORITY_EFFECT
SUP02-ISSUE-7ddd185f55bd2a91009e	SUP02-CER-7ddd185f55bd2a91009e	generic-root-review:7ddd185f55bd2a91009e	gpkg/libdatrie	d773dbb3e0ad7eb29f323f75cb731e30eff66904	BA-002	build-environment-record.json	JSON_OBJECT	schema_version;request_id;root_review_id;recipe_tree;build_run_id;host_os;host_kernel;host_arch;toolchain_components;toolchain_digests;dependency_lock_or_snapshot;container_or_vm_image_digest;relevant_environment;source_date_epoch;custodian_identity;immutable_locator_or_signed_envelope	request_id;root_review_id;recipe_tree;build_run_id;custodian_identity;immutable_locator_or_signed_envelope	custodian-export-request-issuance.tsv#request_id=SUP02-CER-7ddd185f55bd2a91009e	evidence-supply/responses/SUP-02/SUP02-CER-7ddd185f55bd2a91009e/	ISSUED_REQUIRED_NOT_SUPPLIED	OPEN_NO_ACCEPTANCE	CUSTODIAN_EXPORT_REQUEST_ISSUANCE_ONLY_NO_RESPONSE_BUILD_ATTESTATION_OR_AUTHORITY_EFFECT
SUP02-ISSUE-7ddd185f55bd2a91009e	SUP02-CER-7ddd185f55bd2a91009e	generic-root-review:7ddd185f55bd2a91009e	gpkg/libdatrie	d773dbb3e0ad7eb29f323f75cb731e30eff66904	BA-003	build-output-manifest.tsv	TSV_WITH_ROWS	request_id;root_review_id;recipe_root;recipe_tree;build_run_id;package_name;package_version;package_revision;artifact_path;artifact_sha256;member_path;member_sha256;member_elf_soname;custodian_identity;immutable_locator_or_signed_envelope	request_id;root_review_id;recipe_tree;build_run_id;custodian_identity;immutable_locator_or_signed_envelope	custodian-export-request-issuance.tsv#request_id=SUP02-CER-7ddd185f55bd2a91009e	evidence-supply/responses/SUP-02/SUP02-CER-7ddd185f55bd2a91009e/	ISSUED_REQUIRED_NOT_SUPPLIED	OPEN_NO_ACCEPTANCE	CUSTODIAN_EXPORT_REQUEST_ISSUANCE_ONLY_NO_RESPONSE_BUILD_ATTESTATION_OR_AUTHORITY_EFFECT
SUP02-ISSUE-871a690716276e3765a2	SUP02-CER-871a690716276e3765a2	generic-root-review:871a690716276e3765a2	gpkg/libxcomposite	5df15021d34e11560691926e2054272b5d3b6984	BA-001	build-invocation-record.json	JSON_OBJECT	schema_version;request_id;root_review_id;recipe_root;recipe_tree;build_run_id;build_started_at_utc;build_finished_at_utc;working_directory;invocation_argv;input_source_digests;build_script_digest;custodian_identity;immutable_locator_or_signed_envelope	request_id;root_review_id;recipe_tree;build_run_id;custodian_identity;immutable_locator_or_signed_envelope	custodian-export-request-issuance.tsv#request_id=SUP02-CER-871a690716276e3765a2	evidence-supply/responses/SUP-02/SUP02-CER-871a690716276e3765a2/	ISSUED_REQUIRED_NOT_SUPPLIED	OPEN_NO_ACCEPTANCE	CUSTODIAN_EXPORT_REQUEST_ISSUANCE_ONLY_NO_RESPONSE_BUILD_ATTESTATION_OR_AUTHORITY_EFFECT
SUP02-ISSUE-871a690716276e3765a2	SUP02-CER-871a690716276e3765a2	generic-root-review:871a690716276e3765a2	gpkg/libxcomposite	5df15021d34e11560691926e2054272b5d3b6984	BA-002	build-environment-record.json	JSON_OBJECT	schema_version;request_id;root_review_id;recipe_tree;build_run_id;host_os;host_kernel;host_arch;toolchain_components;toolchain_digests;dependency_lock_or_snapshot;container_or_vm_image_digest;relevant_environment;source_date_epoch;custodian_identity;immutable_locator_or_signed_envelope	request_id;root_review_id;recipe_tree;build_run_id;custodian_identity;immutable_locator_or_signed_envelope	custodian-export-request-issuance.tsv#request_id=SUP02-CER-871a690716276e3765a2	evidence-supply/responses/SUP-02/SUP02-CER-871a690716276e3765a2/	ISSUED_REQUIRED_NOT_SUPPLIED	OPEN_NO_ACCEPTANCE	CUSTODIAN_EXPORT_REQUEST_ISSUANCE_ONLY_NO_RESPONSE_BUILD_ATTESTATION_OR_AUTHORITY_EFFECT
SUP02-ISSUE-871a690716276e3765a2	SUP02-CER-871a690716276e3765a2	generic-root-review:871a690716276e3765a2	gpkg/libxcomposite	5df15021d34e11560691926e2054272b5d3b6984	BA-003	build-output-manifest.tsv	TSV_WITH_ROWS	request_id;root_review_id;recipe_root;recipe_tree;build_run_id;package_name;package_version;package_revision;artifact_path;artifact_sha256;member_path;member_sha256;member_elf_soname;custodian_identity;immutable_locator_or_signed_envelope	request_id;root_review_id;recipe_tree;build_run_id;custodian_identity;immutable_locator_or_signed_envelope	custodian-export-request-issuance.tsv#request_id=SUP02-CER-871a690716276e3765a2	evidence-supply/responses/SUP-02/SUP02-CER-871a690716276e3765a2/	ISSUED_REQUIRED_NOT_SUPPLIED	OPEN_NO_ACCEPTANCE	CUSTODIAN_EXPORT_REQUEST_ISSUANCE_ONLY_NO_RESPONSE_BUILD_ATTESTATION_OR_AUTHORITY_EFFECT
SUP02-ISSUE-88cec59d1ec77cd9f7bd	SUP02-CER-88cec59d1ec77cd9f7bd	generic-root-review:88cec59d1ec77cd9f7bd	gpkg/libthai	4943c66ff96eeddc0d6d05a57fb24418fb0cd7d2	BA-001	build-invocation-record.json	JSON_OBJECT	schema_version;request_id;root_review_id;recipe_root;recipe_tree;build_run_id;build_started_at_utc;build_finished_at_utc;working_directory;invocation_argv;input_source_digests;build_script_digest;custodian_identity;immutable_locator_or_signed_envelope	request_id;root_review_id;recipe_tree;build_run_id;custodian_identity;immutable_locator_or_signed_envelope	custodian-export-request-issuance.tsv#request_id=SUP02-CER-88cec59d1ec77cd9f7bd	evidence-supply/responses/SUP-02/SUP02-CER-88cec59d1ec77cd9f7bd/	ISSUED_REQUIRED_NOT_SUPPLIED	OPEN_NO_ACCEPTANCE	CUSTODIAN_EXPORT_REQUEST_ISSUANCE_ONLY_NO_RESPONSE_BUILD_ATTESTATION_OR_AUTHORITY_EFFECT
SUP02-ISSUE-88cec59d1ec77cd9f7bd	SUP02-CER-88cec59d1ec77cd9f7bd	generic-root-review:88cec59d1ec77cd9f7bd	gpkg/libthai	4943c66ff96eeddc0d6d05a57fb24418fb0cd7d2	BA-002	build-environment-record.json	JSON_OBJECT	schema_version;request_id;root_review_id;recipe_tree;build_run_id;host_os;host_kernel;host_arch;toolchain_components;toolchain_digests;dependency_lock_or_snapshot;container_or_vm_image_digest;relevant_environment;source_date_epoch;custodian_identity;immutable_locator_or_signed_envelope	request_id;root_review_id;recipe_tree;build_run_id;custodian_identity;immutable_locator_or_signed_envelope	custodian-export-request-issuance.tsv#request_id=SUP02-CER-88cec59d1ec77cd9f7bd	evidence-supply/responses/SUP-02/SUP02-CER-88cec59d1ec77cd9f7bd/	ISSUED_REQUIRED_NOT_SUPPLIED	OPEN_NO_ACCEPTANCE	CUSTODIAN_EXPORT_REQUEST_ISSUANCE_ONLY_NO_RESPONSE_BUILD_ATTESTATION_OR_AUTHORITY_EFFECT
SUP02-ISSUE-88cec59d1ec77cd9f7bd	SUP02-CER-88cec59d1ec77cd9f7bd	generic-root-review:88cec59d1ec77cd9f7bd	gpkg/libthai	4943c66ff96eeddc0d6d05a57fb24418fb0cd7d2	BA-003	build-output-manifest.tsv	TSV_WITH_ROWS	request_id;root_review_id;recipe_root;recipe_tree;build_run_id;package_name;package_version;package_revision;artifact_path;artifact_sha256;member_path;member_sha256;member_elf_soname;custodian_identity;immutable_locator_or_signed_envelope	request_id;root_review_id;recipe_tree;build_run_id;custodian_identity;immutable_locator_or_signed_envelope	custodian-export-request-issuance.tsv#request_id=SUP02-CER-88cec59d1ec77cd9f7bd	evidence-supply/responses/SUP-02/SUP02-CER-88cec59d1ec77cd9f7bd/	ISSUED_REQUIRED_NOT_SUPPLIED	OPEN_NO_ACCEPTANCE	CUSTODIAN_EXPORT_REQUEST_ISSUANCE_ONLY_NO_RESPONSE_BUILD_ATTESTATION_OR_AUTHORITY_EFFECT
SUP02-ISSUE-89ca3d57915910fa5a81	SUP02-CER-89ca3d57915910fa5a81	generic-root-review:89ca3d57915910fa5a81	gpkg/alsa-lib	56309a1362140190ab6b3cadd4725447d8a9eb59	BA-001	build-invocation-record.json	JSON_OBJECT	schema_version;request_id;root_review_id;recipe_root;recipe_tree;build_run_id;build_started_at_utc;build_finished_at_utc;working_directory;invocation_argv;input_source_digests;build_script_digest;custodian_identity;immutable_locator_or_signed_envelope	request_id;root_review_id;recipe_tree;build_run_id;custodian_identity;immutable_locator_or_signed_envelope	custodian-export-request-issuance.tsv#request_id=SUP02-CER-89ca3d57915910fa5a81	evidence-supply/responses/SUP-02/SUP02-CER-89ca3d57915910fa5a81/	ISSUED_REQUIRED_NOT_SUPPLIED	OPEN_NO_ACCEPTANCE	CUSTODIAN_EXPORT_REQUEST_ISSUANCE_ONLY_NO_RESPONSE_BUILD_ATTESTATION_OR_AUTHORITY_EFFECT
SUP02-ISSUE-89ca3d57915910fa5a81	SUP02-CER-89ca3d57915910fa5a81	generic-root-review:89ca3d57915910fa5a81	gpkg/alsa-lib	56309a1362140190ab6b3cadd4725447d8a9eb59	BA-002	build-environment-record.json	JSON_OBJECT	schema_version;request_id;root_review_id;recipe_tree;build_run_id;host_os;host_kernel;host_arch;toolchain_components;toolchain_digests;dependency_lock_or_snapshot;container_or_vm_image_digest;relevant_environment;source_date_epoch;custodian_identity;immutable_locator_or_signed_envelope	request_id;root_review_id;recipe_tree;build_run_id;custodian_identity;immutable_locator_or_signed_envelope	custodian-export-request-issuance.tsv#request_id=SUP02-CER-89ca3d57915910fa5a81	evidence-supply/responses/SUP-02/SUP02-CER-89ca3d57915910fa5a81/	ISSUED_REQUIRED_NOT_SUPPLIED	OPEN_NO_ACCEPTANCE	CUSTODIAN_EXPORT_REQUEST_ISSUANCE_ONLY_NO_RESPONSE_BUILD_ATTESTATION_OR_AUTHORITY_EFFECT
SUP02-ISSUE-89ca3d57915910fa5a81	SUP02-CER-89ca3d57915910fa5a81	generic-root-review:89ca3d57915910fa5a81	gpkg/alsa-lib	56309a1362140190ab6b3cadd4725447d8a9eb59	BA-003	build-output-manifest.tsv	TSV_WITH_ROWS	request_id;root_review_id;recipe_root;recipe_tree;build_run_id;package_name;package_version;package_revision;artifact_path;artifact_sha256;member_path;member_sha256;member_elf_soname;custodian_identity;immutable_locator_or_signed_envelope	request_id;root_review_id;recipe_tree;build_run_id;custodian_identity;immutable_locator_or_signed_envelope	custodian-export-request-issuance.tsv#request_id=SUP02-CER-89ca3d57915910fa5a81	evidence-supply/responses/SUP-02/SUP02-CER-89ca3d57915910fa5a81/	ISSUED_REQUIRED_NOT_SUPPLIED	OPEN_NO_ACCEPTANCE	CUSTODIAN_EXPORT_REQUEST_ISSUANCE_ONLY_NO_RESPONSE_BUILD_ATTESTATION_OR_AUTHORITY_EFFECT
SUP02-ISSUE-8fba4c31866e5ce912d6	SUP02-CER-8fba4c31866e5ce912d6	generic-root-review:8fba4c31866e5ce912d6	gpkg/libxinerama	0ecad3a5840978f10eb6964f073d0ffb6a1a69c0	BA-001	build-invocation-record.json	JSON_OBJECT	schema_version;request_id;root_review_id;recipe_root;recipe_tree;build_run_id;build_started_at_utc;build_finished_at_utc;working_directory;invocation_argv;input_source_digests;build_script_digest;custodian_identity;immutable_locator_or_signed_envelope	request_id;root_review_id;recipe_tree;build_run_id;custodian_identity;immutable_locator_or_signed_envelope	custodian-export-request-issuance.tsv#request_id=SUP02-CER-8fba4c31866e5ce912d6	evidence-supply/responses/SUP-02/SUP02-CER-8fba4c31866e5ce912d6/	ISSUED_REQUIRED_NOT_SUPPLIED	OPEN_NO_ACCEPTANCE	CUSTODIAN_EXPORT_REQUEST_ISSUANCE_ONLY_NO_RESPONSE_BUILD_ATTESTATION_OR_AUTHORITY_EFFECT
SUP02-ISSUE-8fba4c31866e5ce912d6	SUP02-CER-8fba4c31866e5ce912d6	generic-root-review:8fba4c31866e5ce912d6	gpkg/libxinerama	0ecad3a5840978f10eb6964f073d0ffb6a1a69c0	BA-002	build-environment-record.json	JSON_OBJECT	schema_version;request_id;root_review_id;recipe_tree;build_run_id;host_os;host_kernel;host_arch;toolchain_components;toolchain_digests;dependency_lock_or_snapshot;container_or_vm_image_digest;relevant_environment;source_date_epoch;custodian_identity;immutable_locator_or_signed_envelope	request_id;root_review_id;recipe_tree;build_run_id;custodian_identity;immutable_locator_or_signed_envelope	custodian-export-request-issuance.tsv#request_id=SUP02-CER-8fba4c31866e5ce912d6	evidence-supply/responses/SUP-02/SUP02-CER-8fba4c31866e5ce912d6/	ISSUED_REQUIRED_NOT_SUPPLIED	OPEN_NO_ACCEPTANCE	CUSTODIAN_EXPORT_REQUEST_ISSUANCE_ONLY_NO_RESPONSE_BUILD_ATTESTATION_OR_AUTHORITY_EFFECT
SUP02-ISSUE-8fba4c31866e5ce912d6	SUP02-CER-8fba4c31866e5ce912d6	generic-root-review:8fba4c31866e5ce912d6	gpkg/libxinerama	0ecad3a5840978f10eb6964f073d0ffb6a1a69c0	BA-003	build-output-manifest.tsv	TSV_WITH_ROWS	request_id;root_review_id;recipe_root;recipe_tree;build_run_id;package_name;package_version;package_revision;artifact_path;artifact_sha256;member_path;member_sha256;member_elf_soname;custodian_identity;immutable_locator_or_signed_envelope	request_id;root_review_id;recipe_tree;build_run_id;custodian_identity;immutable_locator_or_signed_envelope	custodian-export-request-issuance.tsv#request_id=SUP02-CER-8fba4c31866e5ce912d6	evidence-supply/responses/SUP-02/SUP02-CER-8fba4c31866e5ce912d6/	ISSUED_REQUIRED_NOT_SUPPLIED	OPEN_NO_ACCEPTANCE	CUSTODIAN_EXPORT_REQUEST_ISSUANCE_ONLY_NO_RESPONSE_BUILD_ATTESTATION_OR_AUTHORITY_EFFECT
SUP02-ISSUE-9147ecc3cb3d2ae95b32	SUP02-CER-9147ecc3cb3d2ae95b32	generic-root-review:9147ecc3cb3d2ae95b32	gpkg/libgnutls	8851cd93d2e7c823b86e3940d7b61fd1965594e6	BA-001	build-invocation-record.json	JSON_OBJECT	schema_version;request_id;root_review_id;recipe_root;recipe_tree;build_run_id;build_started_at_utc;build_finished_at_utc;working_directory;invocation_argv;input_source_digests;build_script_digest;custodian_identity;immutable_locator_or_signed_envelope	request_id;root_review_id;recipe_tree;build_run_id;custodian_identity;immutable_locator_or_signed_envelope	custodian-export-request-issuance.tsv#request_id=SUP02-CER-9147ecc3cb3d2ae95b32	evidence-supply/responses/SUP-02/SUP02-CER-9147ecc3cb3d2ae95b32/	ISSUED_REQUIRED_NOT_SUPPLIED	OPEN_NO_ACCEPTANCE	CUSTODIAN_EXPORT_REQUEST_ISSUANCE_ONLY_NO_RESPONSE_BUILD_ATTESTATION_OR_AUTHORITY_EFFECT
SUP02-ISSUE-9147ecc3cb3d2ae95b32	SUP02-CER-9147ecc3cb3d2ae95b32	generic-root-review:9147ecc3cb3d2ae95b32	gpkg/libgnutls	8851cd93d2e7c823b86e3940d7b61fd1965594e6	BA-002	build-environment-record.json	JSON_OBJECT	schema_version;request_id;root_review_id;recipe_tree;build_run_id;host_os;host_kernel;host_arch;toolchain_components;toolchain_digests;dependency_lock_or_snapshot;container_or_vm_image_digest;relevant_environment;source_date_epoch;custodian_identity;immutable_locator_or_signed_envelope	request_id;root_review_id;recipe_tree;build_run_id;custodian_identity;immutable_locator_or_signed_envelope	custodian-export-request-issuance.tsv#request_id=SUP02-CER-9147ecc3cb3d2ae95b32	evidence-supply/responses/SUP-02/SUP02-CER-9147ecc3cb3d2ae95b32/	ISSUED_REQUIRED_NOT_SUPPLIED	OPEN_NO_ACCEPTANCE	CUSTODIAN_EXPORT_REQUEST_ISSUANCE_ONLY_NO_RESPONSE_BUILD_ATTESTATION_OR_AUTHORITY_EFFECT
SUP02-ISSUE-9147ecc3cb3d2ae95b32	SUP02-CER-9147ecc3cb3d2ae95b32	generic-root-review:9147ecc3cb3d2ae95b32	gpkg/libgnutls	8851cd93d2e7c823b86e3940d7b61fd1965594e6	BA-003	build-output-manifest.tsv	TSV_WITH_ROWS	request_id;root_review_id;recipe_root;recipe_tree;build_run_id;package_name;package_version;package_revision;artifact_path;artifact_sha256;member_path;member_sha256;member_elf_soname;custodian_identity;immutable_locator_or_signed_envelope	request_id;root_review_id;recipe_tree;build_run_id;custodian_identity;immutable_locator_or_signed_envelope	custodian-export-request-issuance.tsv#request_id=SUP02-CER-9147ecc3cb3d2ae95b32	evidence-supply/responses/SUP-02/SUP02-CER-9147ecc3cb3d2ae95b32/	ISSUED_REQUIRED_NOT_SUPPLIED	OPEN_NO_ACCEPTANCE	CUSTODIAN_EXPORT_REQUEST_ISSUANCE_ONLY_NO_RESPONSE_BUILD_ATTESTATION_OR_AUTHORITY_EFFECT
SUP02-ISSUE-ad4e1b984c7087426ee9	SUP02-CER-ad4e1b984c7087426ee9	generic-root-review:ad4e1b984c7087426ee9	gpkg/libtasn1	3601f2ed3c9fd4d03c20c0d854d7b3aa05628482	BA-001	build-invocation-record.json	JSON_OBJECT	schema_version;request_id;root_review_id;recipe_root;recipe_tree;build_run_id;build_started_at_utc;build_finished_at_utc;working_directory;invocation_argv;input_source_digests;build_script_digest;custodian_identity;immutable_locator_or_signed_envelope	request_id;root_review_id;recipe_tree;build_run_id;custodian_identity;immutable_locator_or_signed_envelope	custodian-export-request-issuance.tsv#request_id=SUP02-CER-ad4e1b984c7087426ee9	evidence-supply/responses/SUP-02/SUP02-CER-ad4e1b984c7087426ee9/	ISSUED_REQUIRED_NOT_SUPPLIED	OPEN_NO_ACCEPTANCE	CUSTODIAN_EXPORT_REQUEST_ISSUANCE_ONLY_NO_RESPONSE_BUILD_ATTESTATION_OR_AUTHORITY_EFFECT
SUP02-ISSUE-ad4e1b984c7087426ee9	SUP02-CER-ad4e1b984c7087426ee9	generic-root-review:ad4e1b984c7087426ee9	gpkg/libtasn1	3601f2ed3c9fd4d03c20c0d854d7b3aa05628482	BA-002	build-environment-record.json	JSON_OBJECT	schema_version;request_id;root_review_id;recipe_tree;build_run_id;host_os;host_kernel;host_arch;toolchain_components;toolchain_digests;dependency_lock_or_snapshot;container_or_vm_image_digest;relevant_environment;source_date_epoch;custodian_identity;immutable_locator_or_signed_envelope	request_id;root_review_id;recipe_tree;build_run_id;custodian_identity;immutable_locator_or_signed_envelope	custodian-export-request-issuance.tsv#request_id=SUP02-CER-ad4e1b984c7087426ee9	evidence-supply/responses/SUP-02/SUP02-CER-ad4e1b984c7087426ee9/	ISSUED_REQUIRED_NOT_SUPPLIED	OPEN_NO_ACCEPTANCE	CUSTODIAN_EXPORT_REQUEST_ISSUANCE_ONLY_NO_RESPONSE_BUILD_ATTESTATION_OR_AUTHORITY_EFFECT
SUP02-ISSUE-ad4e1b984c7087426ee9	SUP02-CER-ad4e1b984c7087426ee9	generic-root-review:ad4e1b984c7087426ee9	gpkg/libtasn1	3601f2ed3c9fd4d03c20c0d854d7b3aa05628482	BA-003	build-output-manifest.tsv	TSV_WITH_ROWS	request_id;root_review_id;recipe_root;recipe_tree;build_run_id;package_name;package_version;package_revision;artifact_path;artifact_sha256;member_path;member_sha256;member_elf_soname;custodian_identity;immutable_locator_or_signed_envelope	request_id;root_review_id;recipe_tree;build_run_id;custodian_identity;immutable_locator_or_signed_envelope	custodian-export-request-issuance.tsv#request_id=SUP02-CER-ad4e1b984c7087426ee9	evidence-supply/responses/SUP-02/SUP02-CER-ad4e1b984c7087426ee9/	ISSUED_REQUIRED_NOT_SUPPLIED	OPEN_NO_ACCEPTANCE	CUSTODIAN_EXPORT_REQUEST_ISSUANCE_ONLY_NO_RESPONSE_BUILD_ATTESTATION_OR_AUTHORITY_EFFECT
SUP02-ISSUE-af39bbec812180537c5a	SUP02-CER-af39bbec812180537c5a	generic-root-review:af39bbec812180537c5a	gpkg/freetype	3a92f7895a8a4ef5cfe33fcc8b806acccffd0313	BA-001	build-invocation-record.json	JSON_OBJECT	schema_version;request_id;root_review_id;recipe_root;recipe_tree;build_run_id;build_started_at_utc;build_finished_at_utc;working_directory;invocation_argv;input_source_digests;build_script_digest;custodian_identity;immutable_locator_or_signed_envelope	request_id;root_review_id;recipe_tree;build_run_id;custodian_identity;immutable_locator_or_signed_envelope	custodian-export-request-issuance.tsv#request_id=SUP02-CER-af39bbec812180537c5a	evidence-supply/responses/SUP-02/SUP02-CER-af39bbec812180537c5a/	ISSUED_REQUIRED_NOT_SUPPLIED	OPEN_NO_ACCEPTANCE	CUSTODIAN_EXPORT_REQUEST_ISSUANCE_ONLY_NO_RESPONSE_BUILD_ATTESTATION_OR_AUTHORITY_EFFECT
SUP02-ISSUE-af39bbec812180537c5a	SUP02-CER-af39bbec812180537c5a	generic-root-review:af39bbec812180537c5a	gpkg/freetype	3a92f7895a8a4ef5cfe33fcc8b806acccffd0313	BA-002	build-environment-record.json	JSON_OBJECT	schema_version;request_id;root_review_id;recipe_tree;build_run_id;host_os;host_kernel;host_arch;toolchain_components;toolchain_digests;dependency_lock_or_snapshot;container_or_vm_image_digest;relevant_environment;source_date_epoch;custodian_identity;immutable_locator_or_signed_envelope	request_id;root_review_id;recipe_tree;build_run_id;custodian_identity;immutable_locator_or_signed_envelope	custodian-export-request-issuance.tsv#request_id=SUP02-CER-af39bbec812180537c5a	evidence-supply/responses/SUP-02/SUP02-CER-af39bbec812180537c5a/	ISSUED_REQUIRED_NOT_SUPPLIED	OPEN_NO_ACCEPTANCE	CUSTODIAN_EXPORT_REQUEST_ISSUANCE_ONLY_NO_RESPONSE_BUILD_ATTESTATION_OR_AUTHORITY_EFFECT
SUP02-ISSUE-af39bbec812180537c5a	SUP02-CER-af39bbec812180537c5a	generic-root-review:af39bbec812180537c5a	gpkg/freetype	3a92f7895a8a4ef5cfe33fcc8b806acccffd0313	BA-003	build-output-manifest.tsv	TSV_WITH_ROWS	request_id;root_review_id;recipe_root;recipe_tree;build_run_id;package_name;package_version;package_revision;artifact_path;artifact_sha256;member_path;member_sha256;member_elf_soname;custodian_identity;immutable_locator_or_signed_envelope	request_id;root_review_id;recipe_tree;build_run_id;custodian_identity;immutable_locator_or_signed_envelope	custodian-export-request-issuance.tsv#request_id=SUP02-CER-af39bbec812180537c5a	evidence-supply/responses/SUP-02/SUP02-CER-af39bbec812180537c5a/	ISSUED_REQUIRED_NOT_SUPPLIED	OPEN_NO_ACCEPTANCE	CUSTODIAN_EXPORT_REQUEST_ISSUANCE_ONLY_NO_RESPONSE_BUILD_ATTESTATION_OR_AUTHORITY_EFFECT
SUP02-ISSUE-b2edb795edece4a59650	SUP02-CER-b2edb795edece4a59650	generic-root-review:b2edb795edece4a59650	gpkg/libxfixes	14916897595c88d8dc9c346884799171c22b4c15	BA-001	build-invocation-record.json	JSON_OBJECT	schema_version;request_id;root_review_id;recipe_root;recipe_tree;build_run_id;build_started_at_utc;build_finished_at_utc;working_directory;invocation_argv;input_source_digests;build_script_digest;custodian_identity;immutable_locator_or_signed_envelope	request_id;root_review_id;recipe_tree;build_run_id;custodian_identity;immutable_locator_or_signed_envelope	custodian-export-request-issuance.tsv#request_id=SUP02-CER-b2edb795edece4a59650	evidence-supply/responses/SUP-02/SUP02-CER-b2edb795edece4a59650/	ISSUED_REQUIRED_NOT_SUPPLIED	OPEN_NO_ACCEPTANCE	CUSTODIAN_EXPORT_REQUEST_ISSUANCE_ONLY_NO_RESPONSE_BUILD_ATTESTATION_OR_AUTHORITY_EFFECT
SUP02-ISSUE-b2edb795edece4a59650	SUP02-CER-b2edb795edece4a59650	generic-root-review:b2edb795edece4a59650	gpkg/libxfixes	14916897595c88d8dc9c346884799171c22b4c15	BA-002	build-environment-record.json	JSON_OBJECT	schema_version;request_id;root_review_id;recipe_tree;build_run_id;host_os;host_kernel;host_arch;toolchain_components;toolchain_digests;dependency_lock_or_snapshot;container_or_vm_image_digest;relevant_environment;source_date_epoch;custodian_identity;immutable_locator_or_signed_envelope	request_id;root_review_id;recipe_tree;build_run_id;custodian_identity;immutable_locator_or_signed_envelope	custodian-export-request-issuance.tsv#request_id=SUP02-CER-b2edb795edece4a59650	evidence-supply/responses/SUP-02/SUP02-CER-b2edb795edece4a59650/	ISSUED_REQUIRED_NOT_SUPPLIED	OPEN_NO_ACCEPTANCE	CUSTODIAN_EXPORT_REQUEST_ISSUANCE_ONLY_NO_RESPONSE_BUILD_ATTESTATION_OR_AUTHORITY_EFFECT
SUP02-ISSUE-b2edb795edece4a59650	SUP02-CER-b2edb795edece4a59650	generic-root-review:b2edb795edece4a59650	gpkg/libxfixes	14916897595c88d8dc9c346884799171c22b4c15	BA-003	build-output-manifest.tsv	TSV_WITH_ROWS	request_id;root_review_id;recipe_root;recipe_tree;build_run_id;package_name;package_version;package_revision;artifact_path;artifact_sha256;member_path;member_sha256;member_elf_soname;custodian_identity;immutable_locator_or_signed_envelope	request_id;root_review_id;recipe_tree;build_run_id;custodian_identity;immutable_locator_or_signed_envelope	custodian-export-request-issuance.tsv#request_id=SUP02-CER-b2edb795edece4a59650	evidence-supply/responses/SUP-02/SUP02-CER-b2edb795edece4a59650/	ISSUED_REQUIRED_NOT_SUPPLIED	OPEN_NO_ACCEPTANCE	CUSTODIAN_EXPORT_REQUEST_ISSUANCE_ONLY_NO_RESPONSE_BUILD_ATTESTATION_OR_AUTHORITY_EFFECT
SUP02-ISSUE-c38f6cb7aef89fe33a48	SUP02-CER-c38f6cb7aef89fe33a48	generic-root-review:c38f6cb7aef89fe33a48	gpkg/fribidi	41ad596c81980f710112cd74d4f1b428cfbc6d6a	BA-001	build-invocation-record.json	JSON_OBJECT	schema_version;request_id;root_review_id;recipe_root;recipe_tree;build_run_id;build_started_at_utc;build_finished_at_utc;working_directory;invocation_argv;input_source_digests;build_script_digest;custodian_identity;immutable_locator_or_signed_envelope	request_id;root_review_id;recipe_tree;build_run_id;custodian_identity;immutable_locator_or_signed_envelope	custodian-export-request-issuance.tsv#request_id=SUP02-CER-c38f6cb7aef89fe33a48	evidence-supply/responses/SUP-02/SUP02-CER-c38f6cb7aef89fe33a48/	ISSUED_REQUIRED_NOT_SUPPLIED	OPEN_NO_ACCEPTANCE	CUSTODIAN_EXPORT_REQUEST_ISSUANCE_ONLY_NO_RESPONSE_BUILD_ATTESTATION_OR_AUTHORITY_EFFECT
SUP02-ISSUE-c38f6cb7aef89fe33a48	SUP02-CER-c38f6cb7aef89fe33a48	generic-root-review:c38f6cb7aef89fe33a48	gpkg/fribidi	41ad596c81980f710112cd74d4f1b428cfbc6d6a	BA-002	build-environment-record.json	JSON_OBJECT	schema_version;request_id;root_review_id;recipe_tree;build_run_id;host_os;host_kernel;host_arch;toolchain_components;toolchain_digests;dependency_lock_or_snapshot;container_or_vm_image_digest;relevant_environment;source_date_epoch;custodian_identity;immutable_locator_or_signed_envelope	request_id;root_review_id;recipe_tree;build_run_id;custodian_identity;immutable_locator_or_signed_envelope	custodian-export-request-issuance.tsv#request_id=SUP02-CER-c38f6cb7aef89fe33a48	evidence-supply/responses/SUP-02/SUP02-CER-c38f6cb7aef89fe33a48/	ISSUED_REQUIRED_NOT_SUPPLIED	OPEN_NO_ACCEPTANCE	CUSTODIAN_EXPORT_REQUEST_ISSUANCE_ONLY_NO_RESPONSE_BUILD_ATTESTATION_OR_AUTHORITY_EFFECT
SUP02-ISSUE-c38f6cb7aef89fe33a48	SUP02-CER-c38f6cb7aef89fe33a48	generic-root-review:c38f6cb7aef89fe33a48	gpkg/fribidi	41ad596c81980f710112cd74d4f1b428cfbc6d6a	BA-003	build-output-manifest.tsv	TSV_WITH_ROWS	request_id;root_review_id;recipe_root;recipe_tree;build_run_id;package_name;package_version;package_revision;artifact_path;artifact_sha256;member_path;member_sha256;member_elf_soname;custodian_identity;immutable_locator_or_signed_envelope	request_id;root_review_id;recipe_tree;build_run_id;custodian_identity;immutable_locator_or_signed_envelope	custodian-export-request-issuance.tsv#request_id=SUP02-CER-c38f6cb7aef89fe33a48	evidence-supply/responses/SUP-02/SUP02-CER-c38f6cb7aef89fe33a48/	ISSUED_REQUIRED_NOT_SUPPLIED	OPEN_NO_ACCEPTANCE	CUSTODIAN_EXPORT_REQUEST_ISSUANCE_ONLY_NO_RESPONSE_BUILD_ATTESTATION_OR_AUTHORITY_EFFECT
SUP02-ISSUE-c59af7056fbbff435bc8	SUP02-CER-c59af7056fbbff435bc8	generic-root-review:c59af7056fbbff435bc8	gpkg/glib	de335e6ba82f295978c17dcf3666a38bfd51538f	BA-001	build-invocation-record.json	JSON_OBJECT	schema_version;request_id;root_review_id;recipe_root;recipe_tree;build_run_id;build_started_at_utc;build_finished_at_utc;working_directory;invocation_argv;input_source_digests;build_script_digest;custodian_identity;immutable_locator_or_signed_envelope	request_id;root_review_id;recipe_tree;build_run_id;custodian_identity;immutable_locator_or_signed_envelope	custodian-export-request-issuance.tsv#request_id=SUP02-CER-c59af7056fbbff435bc8	evidence-supply/responses/SUP-02/SUP02-CER-c59af7056fbbff435bc8/	ISSUED_REQUIRED_NOT_SUPPLIED	OPEN_NO_ACCEPTANCE	CUSTODIAN_EXPORT_REQUEST_ISSUANCE_ONLY_NO_RESPONSE_BUILD_ATTESTATION_OR_AUTHORITY_EFFECT
SUP02-ISSUE-c59af7056fbbff435bc8	SUP02-CER-c59af7056fbbff435bc8	generic-root-review:c59af7056fbbff435bc8	gpkg/glib	de335e6ba82f295978c17dcf3666a38bfd51538f	BA-002	build-environment-record.json	JSON_OBJECT	schema_version;request_id;root_review_id;recipe_tree;build_run_id;host_os;host_kernel;host_arch;toolchain_components;toolchain_digests;dependency_lock_or_snapshot;container_or_vm_image_digest;relevant_environment;source_date_epoch;custodian_identity;immutable_locator_or_signed_envelope	request_id;root_review_id;recipe_tree;build_run_id;custodian_identity;immutable_locator_or_signed_envelope	custodian-export-request-issuance.tsv#request_id=SUP02-CER-c59af7056fbbff435bc8	evidence-supply/responses/SUP-02/SUP02-CER-c59af7056fbbff435bc8/	ISSUED_REQUIRED_NOT_SUPPLIED	OPEN_NO_ACCEPTANCE	CUSTODIAN_EXPORT_REQUEST_ISSUANCE_ONLY_NO_RESPONSE_BUILD_ATTESTATION_OR_AUTHORITY_EFFECT
SUP02-ISSUE-c59af7056fbbff435bc8	SUP02-CER-c59af7056fbbff435bc8	generic-root-review:c59af7056fbbff435bc8	gpkg/glib	de335e6ba82f295978c17dcf3666a38bfd51538f	BA-003	build-output-manifest.tsv	TSV_WITH_ROWS	request_id;root_review_id;recipe_root;recipe_tree;build_run_id;package_name;package_version;package_revision;artifact_path;artifact_sha256;member_path;member_sha256;member_elf_soname;custodian_identity;immutable_locator_or_signed_envelope	request_id;root_review_id;recipe_tree;build_run_id;custodian_identity;immutable_locator_or_signed_envelope	custodian-export-request-issuance.tsv#request_id=SUP02-CER-c59af7056fbbff435bc8	evidence-supply/responses/SUP-02/SUP02-CER-c59af7056fbbff435bc8/	ISSUED_REQUIRED_NOT_SUPPLIED	OPEN_NO_ACCEPTANCE	CUSTODIAN_EXPORT_REQUEST_ISSUANCE_ONLY_NO_RESPONSE_BUILD_ATTESTATION_OR_AUTHORITY_EFFECT
SUP02-ISSUE-d5acfe552821242c8bec	SUP02-CER-d5acfe552821242c8bec	generic-root-review:d5acfe552821242c8bec	gpkg/libcloudproviders	ca7597d86cb1610e64f209ff2b84c3ea13c4357a	BA-001	build-invocation-record.json	JSON_OBJECT	schema_version;request_id;root_review_id;recipe_root;recipe_tree;build_run_id;build_started_at_utc;build_finished_at_utc;working_directory;invocation_argv;input_source_digests;build_script_digest;custodian_identity;immutable_locator_or_signed_envelope	request_id;root_review_id;recipe_tree;build_run_id;custodian_identity;immutable_locator_or_signed_envelope	custodian-export-request-issuance.tsv#request_id=SUP02-CER-d5acfe552821242c8bec	evidence-supply/responses/SUP-02/SUP02-CER-d5acfe552821242c8bec/	ISSUED_REQUIRED_NOT_SUPPLIED	OPEN_NO_ACCEPTANCE	CUSTODIAN_EXPORT_REQUEST_ISSUANCE_ONLY_NO_RESPONSE_BUILD_ATTESTATION_OR_AUTHORITY_EFFECT
SUP02-ISSUE-d5acfe552821242c8bec	SUP02-CER-d5acfe552821242c8bec	generic-root-review:d5acfe552821242c8bec	gpkg/libcloudproviders	ca7597d86cb1610e64f209ff2b84c3ea13c4357a	BA-002	build-environment-record.json	JSON_OBJECT	schema_version;request_id;root_review_id;recipe_tree;build_run_id;host_os;host_kernel;host_arch;toolchain_components;toolchain_digests;dependency_lock_or_snapshot;container_or_vm_image_digest;relevant_environment;source_date_epoch;custodian_identity;immutable_locator_or_signed_envelope	request_id;root_review_id;recipe_tree;build_run_id;custodian_identity;immutable_locator_or_signed_envelope	custodian-export-request-issuance.tsv#request_id=SUP02-CER-d5acfe552821242c8bec	evidence-supply/responses/SUP-02/SUP02-CER-d5acfe552821242c8bec/	ISSUED_REQUIRED_NOT_SUPPLIED	OPEN_NO_ACCEPTANCE	CUSTODIAN_EXPORT_REQUEST_ISSUANCE_ONLY_NO_RESPONSE_BUILD_ATTESTATION_OR_AUTHORITY_EFFECT
SUP02-ISSUE-d5acfe552821242c8bec	SUP02-CER-d5acfe552821242c8bec	generic-root-review:d5acfe552821242c8bec	gpkg/libcloudproviders	ca7597d86cb1610e64f209ff2b84c3ea13c4357a	BA-003	build-output-manifest.tsv	TSV_WITH_ROWS	request_id;root_review_id;recipe_root;recipe_tree;build_run_id;package_name;package_version;package_revision;artifact_path;artifact_sha256;member_path;member_sha256;member_elf_soname;custodian_identity;immutable_locator_or_signed_envelope	request_id;root_review_id;recipe_tree;build_run_id;custodian_identity;immutable_locator_or_signed_envelope	custodian-export-request-issuance.tsv#request_id=SUP02-CER-d5acfe552821242c8bec	evidence-supply/responses/SUP-02/SUP02-CER-d5acfe552821242c8bec/	ISSUED_REQUIRED_NOT_SUPPLIED	OPEN_NO_ACCEPTANCE	CUSTODIAN_EXPORT_REQUEST_ISSUANCE_ONLY_NO_RESPONSE_BUILD_ATTESTATION_OR_AUTHORITY_EFFECT
SUP02-ISSUE-f358ae77e439240484e8	SUP02-CER-f358ae77e439240484e8	generic-root-review:f358ae77e439240484e8	gpkg/libnettle	123402f8505f9f9af168f50f1d32f026f12be5f0	BA-001	build-invocation-record.json	JSON_OBJECT	schema_version;request_id;root_review_id;recipe_root;recipe_tree;build_run_id;build_started_at_utc;build_finished_at_utc;working_directory;invocation_argv;input_source_digests;build_script_digest;custodian_identity;immutable_locator_or_signed_envelope	request_id;root_review_id;recipe_tree;build_run_id;custodian_identity;immutable_locator_or_signed_envelope	custodian-export-request-issuance.tsv#request_id=SUP02-CER-f358ae77e439240484e8	evidence-supply/responses/SUP-02/SUP02-CER-f358ae77e439240484e8/	ISSUED_REQUIRED_NOT_SUPPLIED	OPEN_NO_ACCEPTANCE	CUSTODIAN_EXPORT_REQUEST_ISSUANCE_ONLY_NO_RESPONSE_BUILD_ATTESTATION_OR_AUTHORITY_EFFECT
SUP02-ISSUE-f358ae77e439240484e8	SUP02-CER-f358ae77e439240484e8	generic-root-review:f358ae77e439240484e8	gpkg/libnettle	123402f8505f9f9af168f50f1d32f026f12be5f0	BA-002	build-environment-record.json	JSON_OBJECT	schema_version;request_id;root_review_id;recipe_tree;build_run_id;host_os;host_kernel;host_arch;toolchain_components;toolchain_digests;dependency_lock_or_snapshot;container_or_vm_image_digest;relevant_environment;source_date_epoch;custodian_identity;immutable_locator_or_signed_envelope	request_id;root_review_id;recipe_tree;build_run_id;custodian_identity;immutable_locator_or_signed_envelope	custodian-export-request-issuance.tsv#request_id=SUP02-CER-f358ae77e439240484e8	evidence-supply/responses/SUP-02/SUP02-CER-f358ae77e439240484e8/	ISSUED_REQUIRED_NOT_SUPPLIED	OPEN_NO_ACCEPTANCE	CUSTODIAN_EXPORT_REQUEST_ISSUANCE_ONLY_NO_RESPONSE_BUILD_ATTESTATION_OR_AUTHORITY_EFFECT
SUP02-ISSUE-f358ae77e439240484e8	SUP02-CER-f358ae77e439240484e8	generic-root-review:f358ae77e439240484e8	gpkg/libnettle	123402f8505f9f9af168f50f1d32f026f12be5f0	BA-003	build-output-manifest.tsv	TSV_WITH_ROWS	request_id;root_review_id;recipe_root;recipe_tree;build_run_id;package_name;package_version;package_revision;artifact_path;artifact_sha256;member_path;member_sha256;member_elf_soname;custodian_identity;immutable_locator_or_signed_envelope	request_id;root_review_id;recipe_tree;build_run_id;custodian_identity;immutable_locator_or_signed_envelope	custodian-export-request-issuance.tsv#request_id=SUP02-CER-f358ae77e439240484e8	evidence-supply/responses/SUP-02/SUP02-CER-f358ae77e439240484e8/	ISSUED_REQUIRED_NOT_SUPPLIED	OPEN_NO_ACCEPTANCE	CUSTODIAN_EXPORT_REQUEST_ISSUANCE_ONLY_NO_RESPONSE_BUILD_ATTESTATION_OR_AUTHORITY_EFFECT
